Annexure II-  Nifty Next 50 Index : May 2026,,,,,,,,,,,
,,,,,,,,,,,
Sr. No,Security Symbol,Security Name,Basic Industry,Equity Capital (In Rs.),Index Market Capitalisation (Rs. Crores),Weightage (%),Beta,R2,Volatility (%),Monthly Return,Avg. Impact Cost (%)
1,ABB,ABB India Ltd.,Heavy Electrical Equipment,423816750,37935.84,1.51,1.01,0.21,2.89,0.32,0.02
2,ADANIENSOL,Adani Energy Solutions Ltd.,Power Distribution,12012826420,52351.37,2.09,1.63,0.31,2.39,12.74,0.04
3,ADANIGREEN,Adani Green Energy Ltd.,Power Generation,16471761550,49325.93,1.96,1.81,0.31,2.62,20.23,0.03
4,ADANIPOWER,Adani Power Ltd.,Integrated Power Utilities,38569389410,100379.24,4.00,1.08,0.11,2.76,9.70,0.03
5,AMBUJACEM,Ambuja Cements Ltd.,Cement & Cement Products,4943646956,27236.34,1.08,1.47,0.53,1.80,0.82,0.03
6,DMART,Avenue Supermarts Ltd.,Diversified Retail,6507330680,59526.73,2.37,0.66,0.12,1.29,-11.59,0.03
7,BAJAJHLDNG,Bajaj Holdings & Investment Ltd.,Holding Company,1112935100,44730.60,1.78,1.14,0.27,1.47,0.92,0.03
8,BANKBARODA,Bank of Baroda,Public Sector Bank,10342724358,49673.42,1.98,1.28,0.42,1.47,1.91,0.03
9,BPCL,Bharat Petroleum Corporation Ltd.,Refineries & Marketing,43385054880,60246.45,2.40,1.34,0.36,2.44,-0.78,0.02
10,BOSCHLTD,Bosch Ltd.,Auto Components & Equipments,294936400,31676.67,1.26,1.21,0.30,1.88,1.75,0.03
11,BRITANNIA,Britannia Industries Ltd.,Packaged Foods,240868296,61145.80,2.44,0.64,0.17,1.44,-9.11,0.02
12,CGPOWER,CG Power and Industrial Solutions Ltd.,Heavy Electrical Equipment,3149835218,62768.69,2.50,1.16,0.23,2.43,12.80,0.02
13,CANBK,Canara Bank,Public Sector Bank,18141302520,43975.32,1.75,1.36,0.37,1.85,-2.86,0.03
14,CHOLAFIN,Cholamandalam Investment and Finance Company Ltd.,Non Banking Financial Company (NBFC),1703699256,65670.25,2.62,1.59,0.42,2.24,-1.61,0.02
15,CUMMINSIND,Cummins India Ltd.,"Compressors, Pumps & Diesel Engines",554400000,79218.25,3.16,0.98,0.22,2.93,11.67,0.03
16,DLF,DLF Ltd.,"Residential, Commercial Projects",4950630072,37780.43,1.50,1.61,0.57,1.81,0.61,0.03
17,DIVISLAB,Divi's Laboratories Ltd.,Pharmaceuticals,530937160,84486.59,3.37,0.58,0.12,1.25,2.53,0.03
18,GAIL,GAIL (India) Ltd.,Gas Transmission/Marketing,65750996440,44250.67,1.76,1.12,0.33,1.84,0.78,0.03
19,GODREJCP,Godrej Consumer Products Ltd.,Personal Care,1023244581,41288.87,1.64,0.74,0.16,1.80,-3.54,0.03
20,HDFCAMC,HDFC Asset Management Company Ltd.,Asset Management Company,2142000905,54331.82,2.16,1.51,0.43,1.76,-1.41,0.03
21,HAL,Hindustan Aeronautics Ltd.,Aerospace & Defense,3343875000,81424.93,3.24,1.03,0.25,2.16,-0.81,0.02
22,HINDZINC,Hindustan Zinc Ltd.,Zinc,8450638000,27362.21,1.09,1.24,0.17,1.92,6.21,0.02
23,HYUNDAI,Hyundai Motor India Ltd.,Passenger Cars & Utility Vehicles,8125411000,27357.01,1.09,0.80,0.12,1.44,5.85,0.04
24,INDHOTEL,Indian Hotels Co. Ltd.,Hotels & Resorts,1423432227,57289.40,2.28,1.36,0.51,1.63,2.89,0.03
25,IOC,Indian Oil Corporation Ltd.,Refineries & Marketing,141212383830,52250.68,2.08,1.13,0.32,2.28,-1.41,0.02
26,IRFC,Indian Railway Finance Corporation Ltd.,Financial Institution,130685060000,19559.13,0.78,1.41,0.41,1.49,-6.43,0.03
27,JINDALSTEL,Jindal Steel Ltd.,Iron & Steel,1020088097,44583.80,1.78,1.21,0.31,1.29,-1.30,0.03
28,LTM,LTM Ltd.,Computers - Software & Consulting,296493321,37580.87,1.50,0.92,0.18,2.34,-4.87,0.03
29,LODHA,Lodha Developers Ltd.,"Residential, Commercial Projects",9988921240,26338.62,1.05,1.75,0.43,2.46,4.48,0.02
30,MAZDOCK,Mazagoan Dock Shipbuilders Ltd.,Ship Building & Allied Services,2016900000,18610.05,0.74,1.44,0.29,1.91,-10.12,0.02
31,MUTHOOTFIN,Muthoot Finance Ltd.,Non Banking Financial Company (NBFC),4014684760,35749.23,1.42,1.27,0.22,2.25,-2.37,0.03
32,PIDILITIND,Pidilite Industries Ltd.,Specialty Chemicals,1017766288,45859.26,1.83,0.92,0.35,1.49,7.79,0.02
33,PFC,Power Finance Corporation Ltd.,Financial Institution,33001017600,62233.37,2.48,1.21,0.34,1.50,-4.42,0.03
34,PNB,Punjab National Bank,Public Sector Bank,22985886536,36464.00,1.45,1.35,0.42,1.65,-3.03,0.02
35,RECLTD,REC Ltd.,Financial Institution,26332240000,42055.52,1.68,1.31,0.42,1.23,-4.70,0.03
36,MOTHERSON,Samvardhana Motherson International Ltd.,Auto Components & Equipments,10554442601,64320.17,2.56,1.68,0.41,2.38,20.24,0.03
37,SHREECEM,Shree Cement Ltd.,Cement & Cement Products,360807480,33709.99,1.34,0.99,0.39,1.17,4.46,0.04
38,ENRIN,Siemens Energy India Ltd.,Heavy Electrical Equipment,712241010,34149.44,1.36,-,-,3.44,18.10,0.04
39,SIEMENS,Siemens Ltd.,Heavy Electrical Equipment,712241010,33879.44,1.35,1.20,0.26,2.68,0.94,0.03
40,SOLARINDS,Solar Industries India Ltd.,Explosives,180980110,44325.05,1.77,0.96,0.16,2.15,18.19,0.03
41,TVSMOTOR,TVS Motor Company Ltd.,2/3 Wheelers,475087114,78586.47,3.13,1.25,0.39,1.84,-3.93,0.03
42,TATACAP,Tata Capital Ltd.,Non Banking Financial Company (NBFC),42448690370,13176.71,0.52,-,-,1.49,-8.18,0.03
43,TMCV,Tata Motors Ltd.,Commercial Vehicles,7364662746,79091.46,3.15,-,-,2.43,-7.42,0.05
44,TATAPOWER,Tata Power Co. Ltd.,Integrated Power Utilities,3195339547,70239.95,2.80,0.86,0.28,1.45,-5.35,0.02
45,TORNTPHARM,Torrent Pharmaceuticals Ltd.,Pharmaceuticals,1692227200,46005.43,1.83,0.36,0.05,1.78,5.39,0.03
46,UNIONBANK,Union Bank of India,Public Sector Bank,76336056070,32348.89,1.29,1.51,0.36,1.65,1.17,0.03
47,UNITDSPR,United Spirits Ltd.,Breweries & Distilleries,1454701706,37407.50,1.49,0.80,0.19,1.37,-4.19,0.03
48,VBL,Varun Beverages Ltd.,Other Beverages,6764188788,72059.31,2.87,1.12,0.25,1.54,2.78,0.03
49,VEDL,Vedanta Ltd.,Diversified Metals,3910388057,59745.18,2.38,1.06,0.17,3.15,29.85,0.02
50,ZYDUSLIFE,Zydus Lifesciences Ltd.,Pharmaceuticals,1006233990,26883.82,1.07,0.85,0.26,1.88,20.83,0.03
51,DUMMYVEDL1,Dummy Vedanta Ltd. 1,Aluminium,3910388057,20506.69,0.82,-,-,-,-,-
52,DUMMYVEDL2,Dummy Vedanta Ltd. 2,Power Generation,39103880570,20506.69,0.82,-,-,-,-,-
53,DUMMYVEDL3,Dummy Vedanta Ltd. 3,Oil Exploration & Production,3910388057,20506.69,0.82,-,-,-,-,-
54,DUMMYVEDL4,Dummy Vedanta Ltd. 4,Iron & Steel,3910388057,20506.69,0.82,-,-,-,-,-
,,,,,2510672.94,,,,,,0.03
,,,,,,,,,,,
* Beta & R2 are calculated for the period 02-Jun-2025 to 29-May-2026,,,,,,,,,,,
,,,,,,,,,,,
* Beta measures the  degree to which any portfolio of stocks is affected as compared to the effect,,,,,,,,,,,
  on the market as a whole.,,,,,,,,,,,
,,,,,,,,,,,
* The coefficient of determination (R2) measures the strength of relationship between two variables,,,,,,,,,,,
   the return on  a security versus that of the market.,,,,,,,,,,,
,,,,,,,,,,,
* Volatility is the Std. deviation of the daily returns for the period 04-May-2026 to 29-May-2026,,,,,,,,,,,
,,,,,,,,,,,
*Impact Cost for Nifty Next 50 is for a portfolio of Rs. 25 Lakhs. Impact Cost for Nifty Next 50 is the weightaged average impact cost for the month.,,,,,,,,,,,
,,,,,,,,,,,
*Last day of trading was 29-May-2026,,,,,,,,,,,
