Annexure II-  Nifty Next 50 Index : October 2025,,,,,,,,,,,
,,,,,,,,,,,
Sr. No,Security Symbol,Security Name,Basic Industry,Equity Capital (In Rs.),Index Market Capitalisation (Rs. Crores),Weightage (%),Beta,R2,Volatility (%),Monthly Return,Avg. Impact Cost (%)
1,ABB,ABB India Ltd.,Heavy Electrical Equipment,423816750,27301.73043,1.1734035,1.20814218,0.26034032,0.90552603,0.70804314,0.02
2,ADANIENSOL,Adani Energy Solutions Ltd.,Power Distribution,12012826420,34116.7775,1.46630801,1.52050006,0.15080762,1.68662731,13.06391516,0.03
3,ADANIGREEN,Adani Green Energy Ltd.,Power Generation,16225962350,34802.30402,1.49577132,1.50329006,0.11861425,2.69809362,11.01913619,0.09
4,ADANIPOWER,Adani Power Ltd.,Integrated Power Utilities,38569389410,61955.43139,2.66278799,1.15848146,0.0793037,2.47959264,9.12547529,0.04
5,AMBUJACEM,Ambuja Cements Ltd.,Cement & Cement Products,4943646956,35288.05808,1.51664858,1.04811797,0.24623204,0.96081566,-0.79831564,0.02
6,DMART,Avenue Supermarts Ltd.,Diversified Retail,6507330680,60965.61421,2.62024655,0.68980158,0.0941467,1.04672745,-7.19265317,0.03
7,BAJAJHLDNG,Bajaj Holdings & Investment Ltd.,Holding Company,1112935100,53119.41228,2.28302394,1.13857453,0.15643409,1.55054097,0.45725484,0.04
8,BAJAJHFL,Bajaj Housing Finance Ltd.,Housing Finance Company,83323346190,10235.53718,0.43991406,0.96828458,0.20153821,0.95670081,0.18180165,0.03
9,BANKBARODA,Bank of Baroda,Public Sector Bank,10342724358,51251.70579,2.20275161,1.03207173,0.2285647,1.31318744,7.68159666,0.03
10,BPCL,Bharat Petroleum Corporation Ltd.,Refineries & Marketing,43385054880,68967.25241,2.96414967,1.00295661,0.23825769,1.4084713,5.04931547,0.02
11,BOSCHLTD,Bosch Ltd.,Auto Components & Equipments,294936400,32211.2602,1.38441061,0.83854291,0.21204022,0.98009671,-2.35941801,0.02
12,BRITANNIA,Britannia Industries Ltd.,Packaged Foods,240868296,68637.01231,2.94995625,0.5088938,0.08956488,1.05455135,-2.5788683,0.02
13,CGPOWER,CG Power and Industrial Solutions Ltd.,Heavy Electrical Equipment,3149362018,50427.1476,2.16731285,1.43027872,0.25971664,1.31922222,-0.58033606,0.02
14,CANBK,Canara Bank,Public Sector Bank,18141302520,46056.79187,1.97947895,1.10571499,0.22033278,1.5085834,10.73478296,0.03
15,CHOLAFIN,Cholamandalam Investment and Finance Company Ltd.,Non Banking Financial Company (NBFC),1682798064,71313.05235,3.06497001,1.33458243,0.25743456,1.59044689,5.33896201,0.02
16,DLF,DLF Ltd.,"Residential, Commercial Projects",4950630072,48378.10782,2.07924699,1.6888127,0.49066561,1.0705488,6.06591865,0.02
17,DIVISLAB,Divi's Laboratories Ltd.,Pharmaceuticals,530937160,85348.58612,3.66820446,0.75536762,0.126174,1.70384081,18.42868442,0.02
18,GAIL,GAIL (India) Ltd.,Gas Transmission/Marketing,65750996440,49160.48428,2.11287282,1.26089759,0.30572989,1.29048015,3.67008906,0.02
19,GODREJCP,Godrej Consumer Products Ltd.,Personal Care,1023074343,44872.01042,1.92855812,0.53231889,0.07074311,0.81818046,-4.13917217,0.03
20,HAVELLS,Havells India Ltd.,Consumer Electronics,627206421,37558.89681,1.61424716,0.8471641,0.20504783,0.91319242,-0.53928096,0.02
21,HAL,Hindustan Aeronautics Ltd.,Aerospace & Defense,3343875000,88596.4887,3.80779636,1.26568578,0.24456767,0.94186868,-1.40524597,0.02
22,HINDZINC,Hindustan Zinc Ltd.,Zinc,8450638000,20599.13491,0.88533205,1.32758439,0.23224516,1.72949391,-1.23328842,0.02
23,HYUNDAI,Hyundai Motor India Ltd.,Passenger Cars & Utility Vehicles,8125411000,34676.62335,1.49036967,0.80209712,0.112165,1.45239411,-5.63767219,0.04
24,ICICIGI,ICICI Lombard General Insurance Company Ltd.,General Insurance,4974405450,47986.28403,2.06240676,0.82499865,0.17068208,2.13231734,5.49793629,0.03
25,INDHOTEL,Indian Hotels Co. Ltd.,Hotels & Resorts,1423432227,64974.19204,2.79253157,1.34286689,0.30528046,0.79686785,2.98486742,0.02
26,IOC,Indian Oil Corporation Ltd.,Refineries & Marketing,141212383830,61815.0713,2.65675544,1.0265427,0.26841693,1.69152838,10.75505708,0.02
27,IRFC,Indian Railway Finance Corporation Ltd.,Financial Institution,130685060000,21971.52848,0.94431627,1.35529814,0.27232291,1.01706356,-0.16193021,0.02
28,NAUKRI,Info Edge (India) Ltd.,Internet & Catalogue Retail,1296841200,53424.77073,2.29614797,1.57754161,0.35269939,1.59576367,5.2699916,0.02
29,JSWENERGY,JSW Energy Ltd.,Power Generation,17477684510,28163.7592,1.21045271,1.15123256,0.1683058,1.23250708,-0.64048225,0.03
30,JINDALSTEL,Jindal Steel Ltd.,Iron & Steel,1020088097,39762.18237,1.70894237,1.21020082,0.2749584,1.56974252,0.2867215,0.03
31,LTIM,LTIMindtree Ltd.,Computers - Software & Consulting,296416766,52558.77316,2.25892818,1.22142096,0.29033661,1.11688456,10.21812894,0.03
32,LICI,Life Insurance Corporation of India,Life Insurance,63249977010,19805.84815,0.85123731,0.86585378,0.22178403,0.7582245,-0.62753374,0.02
33,LODHA,Lodha Developers Ltd.,"Residential, Commercial Projects",9984534730,33561.44929,1.44244051,1.50229059,0.24015579,1.36517723,5.46751189,0.02
34,MAZDOCK,Mazagoan Dock Shipbuilders Ltd.,Ship Building & Allied Services,2016900000,20675.3465,0.88860755,1.28770224,0.12594447,1.26879799,-1.17689661,0.02
35,PIDILITIND,Pidilite Industries Ltd.,Specialty Chemicals,1017714032,44717.43665,1.92191468,0.57141879,0.15589534,1.13256775,-1.59400545,0.02
36,PFC,Power Finance Corporation Ltd.,Financial Institution,33001017600,58552.90707,2.51655059,1.67039464,0.40041493,1.21503333,-1.70627666,0.02
37,PNB,Punjab National Bank,Public Sector Bank,22985886536,42255.07855,1.81608477,1.08809641,0.24343563,1.45676227,8.91606842,0.02
38,RECLTD,REC Ltd.,Financial Institution,26332240000,46689.70728,2.00668108,1.79463219,0.44424633,1.29553406,0.53640874,0.02
39,MOTHERSON,Samvardhana Motherson International Ltd.,Auto Components & Equipments,10554442601,46663.58057,2.00555817,1.64408829,0.35617489,1.29321877,-0.2460956,0.02
40,SHREECEM,Shree Cement Ltd.,Cement & Cement Products,360807480,37754.68616,1.62266201,0.87821154,0.26887059,1.03486569,-3.26328379,0.02
41,ENRIN,Siemens Energy India Ltd.,Heavy Electrical Equipment,712241010,28096.3143,1.20755399,-,-,1.47591963,-7.20111862,0.03
42,SIEMENS,Siemens Ltd.,Heavy Electrical Equipment,712241010,27288.8595,1.17285032,0.726313645,0.066157602,1.14574212,-1.05138694,0.02
43,SOLARINDS,Solar Industries India Ltd.,Explosives,180980110,33714.27245,1.44900871,0.89657066,0.11953489,1.08034033,4.14227825,0.02
44,TVSMOTOR,TVS Motor Company Ltd.,2/3 Wheelers,475087114,82129.54291,3.52985292,1.20501829,0.32853821,1.07501219,2.03565301,0.02
45,TATAPOWER,Tata Power Co. Ltd.,Integrated Power Utilities,3195339547,67804.19698,2.9141626,1.27799407,0.41656745,0.95637018,4.18113984,0.02
46,TORNTPHARM,Torrent Pharmaceuticals Ltd.,Pharmaceuticals,1692227200,37131.39131,1.59587336,0.60853342,0.14131204,0.72205198,-1.19615897,0.02
47,UNITDSPR,United Spirits Ltd.,Breweries & Distilleries,1454701706,42157.95697,1.81191058,0.68720878,0.13335479,1.23100366,8.0872914,0.03
48,VBL,Varun Beverages Ltd.,Other Beverages,6763922538,63452.36032,2.72712463,0.86391202,0.10985214,2.43023743,5.84854632,0.03
49,VEDL,Vedanta Ltd.,Diversified Metals,3910388057,83493.87078,3.58849049,1.49699973,0.36651768,1.37648626,5.95749249,0.02
50,ZYDUSLIFE,Zydus Lifesciences Ltd.,Pharmaceuticals,1006233990,24272.10481,1.04319295,0.87383698,0.22034571,0.87126025,-0.75873307,0.03
,,,,,2326712.892,,,,,,0.03
,,,,,,,,,,,
* Beta & R2 are calculated for the period 01-Nov-2024 to 31-Oct-2025,,,,,,,,,,,
,,,,,,,,,,,
* Beta measures the  degree to which any portfolio of stocks is affected as compared to the effect,,,,,,,,,,,
  on the market as a whole.,,,,,,,,,,,
,,,,,,,,,,,
* The coefficient of determination (R2) measures the strength of relationship between two variables,,,,,,,,,,,
   the return on  a security versus that of the market.,,,,,,,,,,,
,,,,,,,,,,,
* Volatility is the Std. deviation of the daily returns for the period 01-Oct-2025 to 31-Oct-2025,,,,,,,,,,,
,,,,,,,,,,,
*Impact Cost for Nifty Next 50 is for a portfolio of Rs. 25 Lakhs. Impact Cost for Nifty Next 50 is the weightaged average impact cost for the month.,,,,,,,,,,,
,,,,,,,,,,,
*Last day of trading was 31-Oct-2025,,,,,,,,,,,
