CNX NIFTY JUNIOR INDEX,,,,,,,,,,,
,,,,,,,,,,,
"The CNX Nifty Junior closed at 6043.15 points on September 30, 2008 representing a decrease of 1095.15 points (-15.34%) as compared to 7138.3 points on August 29, 2008 . During the month of September 2008, the CNX Nifty Junior touched a high of 7400.25 points on September 02, 2008 before closing at 6043.15 points on September 30, 2008. The market capitalisation of CNX Nifty Junior decreased from Rs 434157 crores in August 29, 2008 to Rs 385721 crores in September 30, 2008 i.e. a decrease of  Rs.48436 crores(-11.16%)",,,,,,,,,,,
,,,,,,,,,,,
,,,,,,,,,,,
Sr.no.,Security Symbol,Equity,Market Capitalisation for September 2008,Weightage,Beta,R2,Volatility,Monthly return,Avg. Impact Cost for September 2008,,
,,,(Rs. crores),%,,,%,,%,,
1,ANDHRABANK," 4,850,000,000 "," 2,672 ",0.69%,0.93 ,0.66 ,3.42 , (1.96),0.14,,
2,APOLLOTYRE," 504,024,770 "," 1,890 ",0.49%,0.75 ,0.35 ,2.18 , (4.70),0.16,,
3,ASHOKLEY," 1,330,338,317 "," 3,532 ",0.92%,0.86 ,0.45 ,2.02 , (20.86),0.14,,
4,ASIANPAINT," 959,197,790 "," 11,387 ",2.95%,0.20 ,0.06 ,1.06 , (3.42),0.24,,
5,MUNDRAPORT," 4,006,788,200 "," 17,295 ",4.48%,1.01 ,0.42 ,2.85 , (25.22),0.15,,
6,AVENTIS," 230,306,220 "," 1,832 ",0.47%,0.41 ,0.26 ,1.38 , (2.73),0.63,,
7,BANKBARODA," 3,642,664,000 "," 10,837 ",2.81%,0.95 ,0.55 ,3.06 , 4.94 ,0.11,,
8,BANKINDIA," 5,251,728,000 "," 14,981 ",3.88%,1.10 ,0.49 ,2.98 , 6.60 ,0.10,,
9,BEL," 800,000,000 "," 7,156 ",1.86%,0.61 ,0.32 ,2.09 , (3.23),0.21,,
10,BHARATFORG," 445,304,542 "," 4,109 ",1.07%,0.59 ,0.30 ,3.08 , (30.94),0.18
11,BIOCON," 1,000,000,000 "," 3,569 ",0.93%,0.56 ,0.32 ,2.38 , (8.95),0.18
12,PFC," 11,477,667,000 "," 14,290 ",3.70%,0.99 ,0.46 ,2.86 , (7.26),0.20
13,CADILAHC," 628,068,540 "," 3,900 ",1.01%,0.37 ,0.19 ,2.90 , (3.99),0.45
14,CANBK," 4,100,000,000 "," 7,763 ",2.01%,0.90 ,0.50 ,3.92 , (12.09),0.12
15,CHENNPETRO," 1,489,114,000 "," 3,158 ",0.82%,0.83 ,0.38 ,2.53 , (17.75),0.15
16,RELCAPITAL," 2,456,328,000 "," 28,089 ",7.28%,1.62 ,0.77 ,5.47 , (16.79),0.08
17,ULTRACEMCO," 1,244,858,790 "," 6,582 ",1.71%,0.64 ,0.48 ,2.50 , (10.54),0.28
18,CORPBANK," 1,434,400,000 "," 3,912 ",1.01%,0.65 ,0.35 ,2.56 , (6.08),0.18
19,CUMMINSIND," 396,000,000 "," 6,034 ",1.56%,0.56 ,0.32 ,3.32 , (4.26),0.23
20,INDHOTEL," 723,405,288 "," 4,861 ",1.26%,0.69 ,0.48 ,1.70 , (12.56),0.13
21,CONCOR," 1,299,827,940 "," 10,765 ",2.79%,0.25 ,0.10 ,2.44 , (5.73),0.27
22,OFSS," 418,846,930 "," 6,452 ",1.67%,0.88 ,0.37 ,3.47 , (36.17),0.18
23,GMRINFRA," 3,641,316,176 "," 16,058 ",4.16%,1.26 ,0.71 ,2.98 , (14.45),0.11
24,IDBI," 7,247,169,180 "," 5,388 ",1.40%,1.22 ,0.72 ,3.71 , (11.22),0.11
25,IFCI," 7,624,134,970 "," 2,802 ",0.73%,1.53 ,0.59 ,5.35 , (17.79),0.11
26,MCDOWELL-N," 1,001,632,560 "," 12,677 ",3.29%,0.67 ,0.31 ,2.37 , (6.86),0.14
27,IOB," 5,448,000,000 "," 5,023 ",1.30%,0.96 ,0.50 ,4.53 , 2.10 ,0.18
28,JPASSOCIAT," 2,347,505,236 "," 13,046 ",3.38%,1.47 ,0.66 ,4.68 , (32.29),0.09
29,KOTAKBANK," 3,453,412,510 "," 19,137 ",4.96%,1.29 ,0.67 ,4.26 , (8.45),0.10
30,LICHSGFIN," 849,326,000 "," 2,424 ",0.63%,1.07 ,0.44 ,2.63 , (12.92),0.11
31,LUPIN," 822,944,060 "," 5,924 ",1.54%,0.37 ,0.18 ,1.28 , (1.63),0.13
32,MOSERBAER," 1,683,061,040 "," 1,845 ",0.48%,0.94 ,0.38 ,6.79 , 7.66 ,0.11
33,MPHASIS," 2,089,070,320 "," 3,925 ",1.02%,0.61 ,0.23 ,2.66 , (22.61),0.20
34,JINDALSTEL," 154,652,683 "," 19,648 ",5.09%,1.42 ,0.52 ,4.32 , (33.37),0.11
35,NIRMA," 795,711,410 "," 1,885 ",0.49%,0.56 ,0.24 ,1.88 , (11.01),0.32
36,PATNI," 278,124,178 "," 2,486 ",0.64%,0.60 ,0.28 ,3.33 , (22.43),0.15
37,HDIL," 2,754,926,760 "," 4,689 ",1.22%,1.64 ,0.66 ,6.63 , (40.95),0.10
38,ABIRLANUVO," 950,067,680 "," 8,888 ",2.30%,0.79 ,0.49 ,3.22 , (28.31),0.19
39,RNRL," 8,165,652,110 "," 11,995 ",3.11%,1.58 ,0.59 ,3.29 , (22.40),0.09
40,RAYMOND," 613,808,530 ", 829 ,0.21%,0.55 ,0.25 ,2.59 , (30.57),0.26
41,IDFC," 12,952,170,010 "," 9,306 ",2.41%,1.21 ,0.61 ,3.99 , (21.69),0.10
42,TECHM," 1,216,988,140 "," 7,536 ",1.95%,0.67 ,0.31 ,3.06 , (17.17),0.15
43,SYNDIBANK," 5,219,682,820 "," 3,416 ",0.89%,0.95 ,0.61 ,1.86 , 10.19 ,0.15
44,TTML," 18,971,905,040 "," 4,126 ",1.07%,1.19 ,0.62 ,2.59 , (17.92),0.14
45,JSWSTEEL," 1,870,486,820 "," 9,027 ",2.34%,0.88 ,0.37 ,3.40 , (36.83),0.13
46,UNIONBANK," 5,051,179,000 "," 7,251 ",1.88%,1.08 ,0.59 ,2.93 , 0.31 ,0.13
47,AXISBANK," 3,588,939,600 "," 25,849 ",6.70%,1.07 ,0.58 ,4.00 , (0.44),0.07
48,VIJAYABANK," 4,335,178,000 "," 1,567 ",0.41%,1.09 ,0.69 ,2.57 , (2.30),0.14
49,INGVYSYABK," 1,025,302,560 "," 2,212 ",0.57%,0.56 ,0.27 ,3.62 , (10.38),0.54
50,WOCKPHARMA," 547,179,515 "," 1,695 ",0.44%,0.68 ,0.46 ,2.74 , (22.40),0.19
,,," 385,721 ",100.00%,,,,,0.14
,,,,,,,,,
* Beta & R2 are calculated for the period  01-October-2007 to 30-September-2008,,,,,,,,,
,,,,,,,,,
* Beta measures the  degree to which any portfolio of stocks is affected as compared to the effect on the market as a whole.,,,,,,,,,
  ,,,,,,,,,
"* The coefficient of determination (R2) measures the strength of relationship between two variables, ",,,,,,,,,
the return on  a security versus that of the market.,,,,,,,,
   ,,,,,,,,
* Volatility is the Std. deviation of the daily returns for the period 01-September-2008 to 30-September-2008,,,,,,,,
,,,,,,,,
* Last day of trading was 30-September-2008,,,,,,,,
,,,,,,,,
* Impact Cost for CNX Nifty Junior is for a portfolio of Rs. 25 lakhs  ,,,,,,,,
,,,,,,,,
* Impact Cost for CNX Nifty Junior is the weightage average impact cost,,,,,,,,
,,,,,,,,
,,,,,,,,
,,,,,,,,
,,,,,,,,
,,,,,,,,
,,,,,,,,
,,,,,,,,
,,,,,,,
,,,,,,,
,,,,,,,
,,,,,,,
,,,,,,,
,,,,,,,
,,,,,,,
,,,,,,,
,,,,,,,
,,,,,,,
,,,,,,,
,,,,,,,
,,,,,,,
,,,,,,,
,,,,,,,
,,,,,,,
,,,,,,,
,,,,,,,
,,,,,,,
,,,,,,,
,,,,,,,
,,,,,,,
,,,,,,,
,,,,,,,
,,,,,,,
,,,,,,,
,,,,,,,
,,,,,,,
,,,,,,,
,,,,,,,
,,,,,,,
,,,,,,,
,,,,,,,
,,,,,,,
,,,,,,,
,,,,,,,
,,,,,,,
,,,,,,,
,,,,,,,
,,,,,,,
,,,,,,,
,,,,,,,
,,,,,,,
,,,,,,,
,,,,,,,
,,,,,,,
,,,,,,,
,,,,,,,
,,,,,,,
,,,,,,,
,,,,,,,
,,,,,,,
,,,,,,,
,,,,,,,
,,,,,,,
,,,,,,,
,,,,,,,
,,,,,,,
,,,,,,,
,,,,,,,
,,,,,,,
,,,,,,,
,,,,,,,
,,,,,,,
,,,,,,,
,,,,,,,
,,,,,,,
,,,,,,,
,,,,,,,
,,,,,,,
,,,,,,,
,,,,,,,
,,,,,,,
,,,,,,,
,,,,,,,
,,,,,,,
,,,,,,,
,,,,,,,
,,,,,,,
,,,,,,,
,,,,,,,
,,,,,,,
,,,,,,,
,,,,,,,
,,,,,,,
,,,,,,,
,,,,,,,
,,,,,,,
,,,,,,,
,,,,,,,
,,,,,,,
,,,,,,,
,,,,,,,
,,,,,,,
,,,,,,,
,,,,,,,
,,,,,,,
,,,,,,,
,,,,,,,
,,,,,,,
,,,,,,,
,,,,,,,
,,,,,,,
,,,,,,,
,,,,,,,
,,,,,,,
,,,,,,,
,,,,,,,
,,,,,,,
,,,,,,,
,,,,,,,
,,,,,,,
,,,,,,,
,,,,,,,
,,,,,,,
,,,,,,,
,,,,,,,
,,,,,,,
,,,,,,,
,,,,,,,
,,,,,,,
,,,,,,,
,,,,,,,
,,,,,,,
,,,,,,,
,,,,,,,
,,,,,,,
,,,,,,,
,,,,,,,
,,,,,,,
,,,,,,,
,,,,,,,
,,,,,,,
,,,,,,,
,,,,,,,
,,,,,,,
,,,,,,,
,,,,,,,
,,,,,,,
,,,,,,,
,,,,,,,
,,,,,,,
,,,,,,,
,,,,,,,
,,,,,,,
,,,,,,,
,,,,,,,
,,,,,,,
,,,,,,,
,,,,,,,
,,,,,,,
,,,,,,,
,,,,,,,
,,,,,,,
,,,,,,,
,,,,,,,
,,,,,,,
,,,,,,,
,,,,,,,
,,,,,,,
,,,,,,,
,,,,,,,
,,,,,,,
,,,,,,,
,,,,,,,
,,,,,,,
,,,,,,,
,,,,,,,
,,,,,,,
,,,,,,,
,,,,,,,
,,,,,,,
,,,,,,,
,,,,,,,
,,,,,,,
,,,,,,,
,,,,,,,
,,,,,,,
,,,,,,,
,,,,,,,
,,,,,,,
,,,,,,,
,,,,,,,
,,,,,,,
,,,,,,,
,,,,,,,
,,,,,,,
,,,,,,,
,,,,,,,
,,,,,,,
,,,,,,,
,,,,,,,
,,,,,,,
,,,,,,,
,,,,,,,
,,,,,,,
,,,,,,,
,,,,,,,
,,,,,,,
,,,,,,,
,,,,,,,
,,,,,,,
,,,,,,,
,,,,,,,
,,,,,,,
,,,,,,,
,,,,,,,
,,,,,,,
,,,,,,,
,,,,,,,
,,,,,,,
,,,,,,,
,,,,,,,
,,,,,,,
,,,,,,,
,,,,,,,
,,,,,,,
,,,,,,,
,,,,,,,
,,,,,,,
,,,,,,,
