CNX NIFTY JUNIOR INDEX,,,,,,,,,,,,
,,,,,,,,,,,,
"The CNX Nifty Junior closed at 3848.85 points on November 28, 2008 representing a decrease of 442.45 points (-10.31%) as compared to 4291.3 points on October 31, 2008 . During the month of November 2008, the CNX Nifty Junior touched a high of 4937.65 points on November 05, 2008 before closing at 3848.85 points on November 28, 2008. The market capitalisation of CNX Nifty Junior decreased from Rs 273943 crores on October 31, 2008 to Rs245652 crores on November 28, 2008 i.e. a decrease of  Rs.28291 crores(-10.33%)",,,,,,,,,,,,
,,,,,,,,,,,,
,,,,,,,,,,,,
Sr.no.,Security Symbol,Industry,Equity,Market Capitalisation for November 2008,Weightage,Beta,R2,Volatility,Monthly return,Avg. Impact Cost for November 2008,,
,,,,(Rs. crores),%,,,%,,%,,
,,,,,,,,,,,,
1,ABIRLANUVO,Textiles- Synthetic," 950,067,680 "," 4,584 ",1.87%,0.89 ,0.52 ,5.63 , (11.34),0.32,,
2,ANDHRABANK,Banks," 4,850,000,000 "," 2,684 ",1.09%,0.92 ,0.64 ,3.53 , 29.78 ,0.23,,
3,APOLLOTYRE,Tyres," 504,024,770 "," 1,061 ",0.43%,0.73 ,0.36 ,3.83 , (7.68),0.33,,
4,ASHOKLEY,Automobile - 4 wheelers," 1,330,338,317 "," 1,843 ",0.75%,0.82 ,0.50 ,4.55 , (26.53),0.24,,
5,ASIANPAINT,Paints," 959,197,790 "," 8,533 ",3.47%,0.26 ,0.12 ,1.60 , (6.84),0.32,,
6,AVENTIS,Pharmaceuticals," 230,306,220 "," 1,859 ",0.76%,0.40 ,0.28 ,1.60 , 13.72 ,0.69,,
7,AXISBANK,Banks," 3,589,715,390 "," 14,664 ",5.97%,1.17 ,0.64 ,5.13 , (27.44),0.15,,
8,BANKBARODA,Banks," 3,642,664,000 "," 9,400 ",3.83%,0.91 ,0.53 ,5.03 , 8.08 ,0.19,,
9,BANKINDIA,Banks," 5,251,728,000 "," 13,169 ",5.36%,0.98 ,0.52 ,4.70 , 4.13 ,0.17
10,BEL,Electronics-Industrial," 800,000,000 "," 4,502 ",1.83%,0.62 ,0.37 ,2.97 , (7.36),0.31
11,BHARATFORG,Casting/Forging," 445,304,542 "," 1,952 ",0.79%,0.68 ,0.36 ,3.98 , (13.86),0.31
12,BIOCON,Pharmaceuticals," 1,000,000,000 "," 1,771 ",0.72%,0.61 ,0.35 ,4.81 , (6.69),0.30
13,CADILAHC,Pharmaceuticals," 628,068,540 "," 2,875 ",1.17%,0.39 ,0.23 ,2.41 , (12.05),0.80
14,CANBK,Banks," 4,100,000,000 "," 6,937 ",2.82%,0.84 ,0.49 ,3.39 , 1.84 ,0.19
15,CHENNPETRO,Refineries," 1,489,114,000 "," 1,566 ",0.64%,0.79 ,0.44 ,4.09 , (12.77),0.23
16,CONCOR,Travel & Transportation," 1,299,827,940 "," 7,408 ",3.02%,0.27 ,0.12 ,2.79 , (11.22),0.49
17,CORPBANK,Banks," 1,434,400,000 "," 2,535 ",1.03%,0.67 ,0.38 ,3.17 , (9.92),0.32
18,CUMMINSIND,Diesel Engines," 396,000,000 "," 4,160 ",1.69%,0.56 ,0.35 ,3.57 , 2.91 ,0.49
19,GMRINFRA,Construction," 3,641,316,176 "," 9,731 ",3.96%,1.28 ,0.67 ,6.66 , 5.42 ,0.25
20,HDIL,Construction," 2,754,926,760 "," 2,110 ",0.86%,1.68 ,0.62 ,6.23 , (46.90),0.15
21,IDBI,Banks," 7,247,267,890 "," 4,207 ",1.71%,1.15 ,0.72 ,3.97 , (0.77),0.19
22,IDFC,Financial Institution," 12,952,170,010 "," 6,761 ",2.75%,1.27 ,0.62 ,5.28 , (9.77),0.20
23,IFCI,Financial Institution," 7,624,134,970 "," 1,243 ",0.51%,1.53 ,0.64 ,4.55 , (11.89),0.19
24,INDHOTEL,Hotels," 723,405,288 "," 2,904 ",1.18%,0.71 ,0.44 ,5.11 , (12.81),0.25
25,INGVYSYABK,Banks," 1,026,040,250 "," 1,382 ",0.56%,0.61 ,0.31 ,4.54 , (6.33),0.73
26,IOB,Banks," 5,448,000,000 "," 3,397 ",1.38%,0.96 ,0.50 ,3.91 , (15.17),0.22
27,JINDALSTEL,Steel & Steel Products," 154,652,683 "," 11,116 ",4.53%,1.35 ,0.61 ,5.65 , (9.31),0.19
28,JPASSOCIAT,Diversified," 2,367,505,236 "," 6,605 ",2.69%,1.59 ,0.72 ,7.38 , (22.39),0.19
29,JSWSTEEL,Steel & Steel Products," 1,870,486,820 "," 3,519 ",1.43%,1.01 ,0.37 ,5.89 , (38.71),0.20
30,KOTAKBANK,Banks," 3,454,260,770 "," 11,580 ",4.71%,1.25 ,0.62 ,6.52 , (0.58),0.20
31,LICHSGFIN,Finance - Housing," 849,326,000 "," 1,390 ",0.57%,1.14 ,0.58 ,6.75 , (16.14),0.18
32,LUPIN,Pharmaceuticals," 827,903,440 "," 4,850 ",1.97%,0.49 ,0.27 ,3.87 , (11.89),0.18
33,MCDOWELL-N,Breweries," 1,001,632,560 "," 8,522 ",3.47%,0.75 ,0.29 ,5.84 , (3.93),0.18
34,MOSERBAER,Computers -Hardware," 1,683,061,040 ", 928 ,0.38%,1.11 ,0.45 ,4.23 , (30.80),0.20
35,MPHASIS,Computers - Software," 2,089,221,640 "," 3,174 ",1.29%,0.75 ,0.29 ,3.49 , (5.42),0.36
36,MUNDRAPORT,Travel & Transportation," 4,006,788,200 "," 10,336 ",4.21%,0.95 ,0.42 ,2.37 , (27.93),0.30
37,NIRMA,Detergents," 795,711,410 "," 1,421 ",0.58%,0.49 ,0.36 ,1.83 , (0.22),0.80
38,OFSS,Computers - Software," 418,846,930 "," 3,819 ",1.55%,0.96 ,0.42 ,3.50 , (24.98),0.36
39,PATNI,Computers - Software," 256,211,034 "," 1,814 ",0.74%,0.72 ,0.35 ,5.27 , 1.36 ,0.23
40,PFC,Financial Institution," 11,477,667,000 "," 12,689 ",5.17%,0.95 ,0.53 ,3.13 , 6.45 ,0.22
41,RAYMOND,Textile Products," 613,808,530 ", 500 ,0.20%,0.58 ,0.30 ,2.48 , (3.09),0.38
42,RELCAPITAL,Finance," 2,456,328,000 "," 11,019 ",4.49%,1.53 ,0.76 ,6.27 , (31.30),0.15
43,RNRL,Gas," 8,165,652,110 "," 6,712 ",2.73%,1.53 ,0.69 ,7.03 , (5.73),0.17
44,SYNDIBANK,Banks," 5,219,682,820 "," 2,816 ",1.15%,0.83 ,0.58 ,2.20 , 8.77 ,0.22
45,TECHM,Computers - Software," 1,217,267,540 "," 2,746 ",1.12%,0.83 ,0.40 ,3.32 , (31.64),0.27
46,TTML,Telecommunication - Services," 18,971,905,040 "," 3,737 ",1.52%,1.13 ,0.61 ,6.06 , 45.39 ,0.21
47,ULTRACEMCO,Cement & Cement Products," 1,244,858,790 "," 3,349 ",1.36%,0.63 ,0.42 ,4.25 , (24.24),0.50
48,UNIONBANK,Banks," 5,051,179,000 "," 7,521 ",3.06%,0.92 ,0.50 ,4.01 , 19.36 ,0.18
49,VIJAYABANK,Banks," 4,335,178,000 "," 1,233 ",0.50%,0.93 ,0.62 ,2.47 , 8.80 ,0.21
50,WOCKPHARMA,Pharmaceuticals," 547,179,515 "," 1,016 ",0.41%,0.69 ,0.45 ,2.22 , (15.83),0.29
,,,," 245,652 ",100.00%,,,,,0.25
,,,,,,,,,,
* Beta & R2 are calculated for the period  01-December-2007 to 30-November-2008,,,,,,,,,,
,,,,,,,,,,
* Beta measures the  degree to which any portfolio of stocks is affected as compared to the effect on the market as a whole.,,,,,,,,,,
  ,,,,,,,,,,
"* The coefficient of determination (R2) measures the strength of relationship between two variables, ",,,,,,,,,
the return on  a security versus that of the market.,,,,,,,,,
   ,,,,,,,,,
* Volatility is the Std. deviation of the daily returns for the period 01-November-2008 to 30-November-2008,,,,,,,,,
,,,,,,,,,
* Last day of trading was 28-November-2008,,,,,,,,,
,,,,,,,,,
* Impact Cost for CNX Nifty Junior is for a portfolio of Rs. 25 lakhs  ,,,,,,,,,
,,,,,,,,,
* Impact Cost for CNX Nifty Junior is the weightage average impact cost,,,,,,,,,
,,,,,,,,,
,,,,,,,,,
,,,,,,,,,
,,,,,,,,,
,,,,,,,,,
,,,,,,,,,
,,,,,,,,
,,,,,,,,
,,,,,,,,
,,,,,,,,
,,,,,,,,
,,,,,,,,
,,,,,,,,
,,,,,,,,
,,,,,,,,
,,,,,,,,
,,,,,,,,
,,,,,,,,
,,,,,,,,
,,,,,,,,
,,,,,,,,
,,,,,,,,
,,,,,,,,
,,,,,,,,
,,,,,,,,
,,,,,,,,
,,,,,,,,
,,,,,,,,
,,,,,,,,
,,,,,,,,
,,,,,,,,
,,,,,,,,
,,,,,,,,
,,,,,,,,
,,,,,,,,
,,,,,,,,
,,,,,,,,
,,,,,,,,
,,,,,,,,
,,,,,,,,
,,,,,,,,
,,,,,,,,
,,,,,,,,
,,,,,,,,
,,,,,,,,
,,,,,,,,
,,,,,,,,
,,,,,,,,
,,,,,,,,
,,,,,,,,
,,,,,,,,
,,,,,,,,
,,,,,,,,
,,,,,,,,
,,,,,,,,
,,,,,,,,
,,,,,,,,
,,,,,,,,
,,,,,,,,
,,,,,,,,
,,,,,,,,
,,,,,,,,
,,,,,,,,
,,,,,,,,
,,,,,,,,
,,,,,,,,
,,,,,,,,
,,,,,,,,
,,,,,,,,
,,,,,,,,
,,,,,,,,
,,,,,,,,
,,,,,,,,
,,,,,,,,
,,,,,,,,
,,,,,,,,
,,,,,,,,
,,,,,,,,
,,,,,,,,
,,,,,,,,
,,,,,,,,
,,,,,,,,
,,,,,,,,
,,,,,,,,
,,,,,,,,
,,,,,,,,
,,,,,,,,
,,,,,,,,
,,,,,,,,
,,,,,,,,
,,,,,,,,
,,,,,,,,
,,,,,,,,
,,,,,,,,
,,,,,,,,
,,,,,,,,
,,,,,,,,
,,,,,,,,
,,,,,,,,
,,,,,,,,
,,,,,,,,
,,,,,,,,
,,,,,,,,
,,,,,,,,
,,,,,,,,
,,,,,,,,
,,,,,,,,
,,,,,,,,
,,,,,,,,
,,,,,,,,
,,,,,,,,
,,,,,,,,
,,,,,,,,
,,,,,,,,
,,,,,,,,
,,,,,,,,
,,,,,,,,
,,,,,,,,
,,,,,,,,
,,,,,,,,
,,,,,,,,
,,,,,,,,
,,,,,,,,
,,,,,,,,
,,,,,,,,
,,,,,,,,
,,,,,,,,
,,,,,,,,
,,,,,,,,
,,,,,,,,
,,,,,,,,
,,,,,,,,
,,,,,,,,
,,,,,,,,
,,,,,,,,
,,,,,,,,
,,,,,,,,
,,,,,,,,
,,,,,,,,
,,,,,,,,
,,,,,,,,
,,,,,,,,
,,,,,,,,
,,,,,,,,
,,,,,,,,
,,,,,,,,
,,,,,,,,
,,,,,,,,
,,,,,,,,
,,,,,,,,
,,,,,,,,
,,,,,,,,
,,,,,,,,
,,,,,,,,
,,,,,,,,
,,,,,,,,
,,,,,,,,
,,,,,,,,
,,,,,,,,
,,,,,,,,
,,,,,,,,
,,,,,,,,
,,,,,,,,
,,,,,,,,
,,,,,,,,
,,,,,,,,
,,,,,,,,
,,,,,,,,
,,,,,,,,
,,,,,,,,
,,,,,,,,
,,,,,,,,
,,,,,,,,
,,,,,,,,
,,,,,,,,
,,,,,,,,
,,,,,,,,
,,,,,,,,
,,,,,,,,
,,,,,,,,
,,,,,,,,
,,,,,,,,
,,,,,,,,
,,,,,,,,
,,,,,,,,
,,,,,,,,
,,,,,,,,
,,,,,,,,
,,,,,,,,
,,,,,,,,
,,,,,,,,
,,,,,,,,
,,,,,,,,
,,,,,,,,
,,,,,,,,
,,,,,,,,
,,,,,,,,
,,,,,,,,
,,,,,,,,
,,,,,,,,
,,,,,,,,
,,,,,,,,
,,,,,,,,
,,,,,,,,
,,,,,,,,
,,,,,,,,
,,,,,,,,
,,,,,,,,
,,,,,,,,
,,,,,,,,
,,,,,,,,
,,,,,,,,
,,,,,,,,
,,,,,,,,
,,,,,,,,
,,,,,,,,
,,,,,,,,
,,,,,,,,
,,,,,,,,
,,,,,,,,
,,,,,,,,
,,,,,,,,
,,,,,,,,
,,,,,,,,
,,,,,,,,
,,,,,,,,
,,,,,,,,
,,,,,,,,
