Annexure II-  Nifty 50 Index : November 2024,,,,,,,,,,,
,,,,,,,,,,,
Sr. No,Security Symbol,Security Name,Industry,Equity Capital (In Rs.),Index Market Capitalisation (Rs. Crores),Weightage (%),Beta,R2,Volatility (%),Monthly Return,Avg. Impact Cost (%)
1,ADANIENT,Adani Enterprises Ltd.,TRADING - MINERALS/ MINING,1140001121,57885.94899,0.53525792,2.07021382,0.36325155,6.08173314,-16.42548138,0.02
2,ADANIPORTS,Adani Ports and Special Economic Zone Ltd.,PORT,4320277890,87600.32166,0.81001983,2.12026152,0.46622976,3.91032888,-13.51066536,0.04
3,APOLLOHOSP,Apollo Hospitals Enterprise Ltd.,HOSPITAL,718923285,69044.51626,0.6384386,0.54400637,0.11822599,2.15180639,-2.75962237,0.01
4,ASIANPAINT,Asian Paints Ltd.,PAINTS,959197790,112013.9148,1.03576665,0.54274343,0.13522554,2.13985922,-15.53489006,0.01
5,AXISBANK,Axis Bank Ltd.,PRIVATE SECTOR BANK,6186123048,323410.3267,2.99050017,1.07679682,0.37575091,1.20934117,-2.00508818,0.02
6,BAJAJ-AUTO,Bajaj Auto Ltd.,MOTOR CYCLES/SCOOTERS,2792576080,100072.844,0.92535034,0.66550508,0.1068142,1.67452633,-8.16008052,0.02
7,BAJFINANCE,Bajaj Finance Ltd.,NBFC,1237992640,183705.8707,1.69868552,1.0700432,0.34086543,1.48215298,-4.55531768,0.02
8,BAJAJFINSV,Bajaj Finserv Ltd.,GENERAL INSURANCE,1596662097,86163.25408,0.7967316,1.00669797,0.40851343,1.18610796,-9.75581893,0.03
9,BEL,Bharat Electronics Ltd.,DEFENSE,7309778829,110010.5135,1.01724167,1.75855391,0.40756338,2.16313975,8.10810811,0.02
10,BPCL,Bharat Petroleum Corporation Ltd.,REFINERIES/MARKETING,43385054880,56461.646,0.52208773,1.4655666,0.32185999,1.78123756,-6.00160901,0.02
11,BHARTIARTL,Bharti Airtel Ltd.,TELECOM - SERVICES,28465772430,435526.1423,4.02720907,0.86313778,0.28513029,1.39714803,0.90226963,0.02
12,BRITANNIA,Britannia Industries Ltd.,CONSUMER FOOD,240868296,58156.17101,0.5377566,0.34670275,0.05068157,2.29540122,-13.72033736,0.02
13,CIPLA,Cipla Ltd.,PHARMACEUTICALS,1615119840,84172.62123,0.77832468,0.30182379,0.0273873,1.35207322,-1.15031416,0.02
14,COALINDIA,Coal India Ltd.,INDUSTRIAL MINERALS,61627283270,94319.21357,0.87214786,1.50415666,0.37546692,1.29485506,-7.88629576,0.03
15,DRREDDY,Dr. Reddy's Laboratories Ltd.,PHARMACEUTICALS,834349410,73210.43721,0.67695991,0.4405563,0.0931026,1.29450844,-5.64275624,0.02
16,EICHERMOT,Eicher Motors Ltd.,MOTOR CYCLES/SCOOTERS,274060710,66365.54858,0.61366681,0.89584546,0.23638599,2.10022716,-1.28303352,0.02
17,GRASIM,Grasim Industries Ltd.,CEMENT,1316958452,96834.24005,0.89540373,0.9772069,0.33579469,1.60319783,-3.32362706,0.02
18,HCLTECH,HCL Technologies Ltd.,COMPUTERS - SOFTWARE,5427330192,194913.5569,1.80232039,0.71267811,0.18334717,1.41868418,4.64313015,0.02
19,HDFCBANK,HDFC Bank Ltd.,PRIVATE SECTOR BANK,7628644396,1360495.502,12.58018589,0.98461599,0.37949721,1.35751461,3.47698335,0.02
20,HDFCLIFE,HDFC Life Insurance Company Ltd.,LIFE INSURANCE,21522212070,70097.00411,0.64817071,0.6242742,0.13505408,1.21291764,-8.66486149,0.02
21,HEROMOTOCO,Hero MotoCorp Ltd.,MOTOR CYCLES/SCOOTERS,399960236,61634.93587,0.56992394,0.61486307,0.11173179,1.7922617,-4.56654408,0.02
22,HINDALCO,Hindalco Industries Ltd.,ALUMINIUM,2247216523,95349.89168,0.8816783,1.14251197,0.2463969,2.64679046,-4.35099483,0.02
23,HINDUNILVR,Hindustan Unilever Ltd.,DIVERSIFIED,2349591262,221948.9763,2.05231063,0.286433,0.04042646,1.25004024,-1.26965292,0.02
24,ICICIBANK,ICICI Bank Ltd.,PRIVATE SECTOR BANK,14091369608,914670.2755,8.45774358,0.99606754,0.43810814,1.09625372,0.6074676,0.02
25,ITC,ITC Ltd.,CIGARETTES & RELATED PRODUCTS,12507598702,442859.9118,4.09502274,0.6469852,0.21371619,1.14759468,-2.46522095,0.03
26,INDUSINDBK,IndusInd Bank Ltd.,PRIVATE SECTOR BANK,7789930880,65686.18179,0.60738487,1.27079967,0.3227598,1.23037893,-5.66028799,0.02
27,INFY,Infosys Ltd.,COMPUTERS - SOFTWARE,20760673405,667714.4843,6.17420074,0.71881053,0.18136773,1.7718575,5.72485418,0.02
28,JSWSTEEL,JSW Steel Ltd.,STEEL,2445453966,92519.34116,0.85550486,1.25574993,0.42788049,1.87786471,0.24386447,0.03
29,KOTAKBANK,Kotak Mahindra Bank Ltd.,PRIVATE SECTOR BANK,9940600060,258841.4399,2.39344667,0.85178515,0.25874381,1.01164252,1.9727341,0.02
30,LT,Larsen & Toubro Ltd.,ENGINEERING-DESIGNING-CONSTRUCTION,2749989800,437874.1773,4.04892081,1.41076777,0.48674049,1.54189984,2.82969384,0.02
31,M&M,Mahindra & Mahindra Ltd.,PASSENGER/UTILITY VEHICLES,6217644155,263916.4495,2.44037411,1.26526875,0.31712442,2.11489645,8.70608931,0.02
32,MARUTI,Maruti Suzuki India Ltd.,PASSENGER/UTILITY VEHICLES,1572012870,145539.1829,1.34576702,0.80055131,0.24539829,1.06318043,-0.02031337,0.02
33,NTPC,NTPC Ltd.,POWER,96966661340,171966.0679,1.59013029,1.56538827,0.45988621,1.67783263,-10.90285434,0.03
34,NESTLEIND,Nestle India Ltd.,CONSUMER FOOD,964157160,79941.48683,0.73920036,0.3799692,0.072359,1.080494,-1.25058,0.03
35,ONGC,Oil & Natural Gas Corporation Ltd.,OIL EXPLORATION,62901396030,99446.45484,0.91955827,1.70651021,0.41574031,1.78257543,-3.55062934,0.02
36,POWERGRID,Power Grid Corporation of India Ltd.,POWER - TRANSMISSION,93006038190,149017.7932,1.37793292,1.30667048,0.34361241,1.9196295,2.680798,0.03
37,RELIANCE,Reliance Industries Ltd.,REFINERIES/MARKETING,1.35E+11,875142.675,8.09224104,1.19117593,0.55254517,1.55845345,-2.99162944,0.02
38,SBILIFE,SBI Life Insurance Company Ltd.,LIFE INSURANCE,10019239540,64218.64278,0.59381487,0.77774759,0.19947846,1.5773319,-11.36762938,0.03
39,SHRIRAMFIN,Shriram Finance Ltd.,NBFC,3759892640,84275.99851,0.77928058,1.54904705,0.39116796,1.79592368,-3.7991016,0.03
40,SBIN,State Bank of India,PUBLIC SECTOR BANK,8924612434,322323.9277,2.98045449,1.46484502,0.48046918,1.87610625,2.2860278,0.02
41,SUNPHARMA,Sun Pharmaceutical Industries Ltd.,PHARMACEUTICALS,2399334970,191982.6594,1.77521906,0.47959142,0.12347888,1.33769265,-3.67786251,0.02
42,TCS,Tata Consultancy Services Ltd.,COMPUTERS - SOFTWARE,3618087518,435909.639,4.03075518,0.61737263,0.16378412,1.69289437,7.62010357,0.02
43,TATACONSUM,Tata Consumer Products Ltd.,TEA &  COFFEE,989403547,62271.9902,0.57581463,0.64160507,0.13380245,1.56632688,-4.37883397,0.02
44,TATAMOTORS,Tata Motors Ltd.,PASSENGER/UTILITY VEHICLES,7361768240,166691.6243,1.54135873,1.07293451,0.27449708,1.40112742,-5.7070919,0.02
45,TATASTEEL,Tata Steel Ltd.,STEEL,12483527171,119614.6896,1.10604925,1.44532828,0.454937,1.69418659,-2.70597738,0.02
46,TECHM,Tech Mahindra Ltd.,COMPUTERS - SOFTWARE,4891061850,108504.2067,1.0033132,0.80206946,0.18630389,1.66957956,6.44329096,0.02
47,TITAN,Titan Company Ltd.,"GEMS, JEWELLERY AND WATCHES",887786160,134244.2394,1.2413253,0.7116915,0.1889778,1.56573181,-0.55248619,0.02
48,TRENT,Trent Ltd.,SPECIALITY RETAIL,355487461,150757.0011,1.39401497,0.98368999,0.13717113,2.2763422,-4.67078637,0.02
49,ULTRACEMCO,UltraTech Cement Ltd.,CEMENT,2886973180,127679.8539,1.18062595,1.12509456,0.45759425,1.5557323,1.23354706,0.02
50,WIPRO,Wipro Ltd.,COMPUTERS - SOFTWARE,10462585398,81586.02207,0.754407,1.05603571,0.26557711,1.54103693,4.72091337,0.02
,,,,,10814589.81,,,,,,0.02
,,,,,,,,,,,
* Beta & R2 are calculated for the period 01-Dec-2023 to 29-Nov-2024,,,,,,,,,,,
,,,,,,,,,,,
* Beta measures the  degree to which any portfolio of stocks is affected as compared to the effect,,,,,,,,,,,
  on the market as a whole.,,,,,,,,,,,
,,,,,,,,,,,
* The coefficient of determination (R2) measures the strength of relationship between two variables,,,,,,,,,,,
   the return on  a security versus that of the market.,,,,,,,,,,,
,,,,,,,,,,,
* Volatility is the Std. deviation of the daily returns for the period 01-Nov-2024 to 29-Nov-2024,,,,,,,,,,,
,,,,,,,,,,,
* Last day of trading was 29-Nov-2024,,,,,,,,,,,
,,,,,,,,,,,
* Impact Cost for Nifty 50 is for a portfolio of Rs. 50 Lakhs  ,,,,,,,,,,,
,,,,,,,,,,,
* Impact Cost for Nifty 50 is the weightage average impact cost,,,,,,,,,,,
