Annexure II-  Nifty 50 Index : May 2025,,,,,,,,,,,
,,,,,,,,,,,
Sr. No,Security Symbol,Security Name,Industry,Equity Capital (In Rs.),Index Market Capitalisation (Rs. Crores),Weightage (%),Beta,R2,Volatility (%),Monthly Return,Avg. Impact Cost (%)
1,ADANIENT,Adani Enterprises Ltd.,TRADING - MINERALS/ MINING,1154180729,65455.45,0.59,1.84,0.39,2.69,9.5,0.02
2,ADANIPORTS,Adani Ports and Special Economic Zone Ltd.,PORT,4320277890,105448.56,0.94,1.9,0.52,2.05,17.78,0.03
3,APOLLOHOSP,Apollo Hospitals Enterprise Ltd.,HOSPITAL,718923285,69323.55,0.62,0.55,0.16,1.22,-1.38,0.01
4,ASIANPAINT,Asian Paints Ltd.,PAINTS,959197790,101909.56,0.91,0.53,0.15,1.36,-6.87,0.01
5,AXISBANK,Axis Bank Ltd.,PRIVATE SECTOR BANK,6193408822,339751.07,3.04,1.1,0.46,1.31,0.61,0.02
6,BAJAJ-AUTO,Bajaj Auto Ltd.,MOTOR CYCLES/SCOOTERS,2792576080,95193.4,0.85,0.95,0.26,2.08,7.19,0.02
7,BAJFINANCE,Bajaj Finance Ltd.,NBFC,1239757304,239421.46,2.14,1.06,0.38,1.57,6.32,0.01
8,BAJAJFINSV,Bajaj Finserv Ltd.,GENERAL INSURANCE,1596662097,109458.66,0.98,1.12,0.42,1.56,3.37,0.03
9,BEL,Bharat Electronics Ltd.,DEFENSE,7309778829,137369.99,1.23,1.65,0.42,1.82,22.45,0.02
10,BHARTIARTL,Bharti Airtel Ltd.,TELECOM - SERVICES,28510526595,496621.38,4.45,0.94,0.37,1.22,-0.45,0.02
11,CIPLA,Cipla Ltd.,PHARMACEUTICALS,1615229882,82232.28,0.74,0.57,0.14,1.21,-5.44,0.02
12,COALINDIA,Coal India Ltd.,INDUSTRIAL MINERALS,61627283270,89996.03,0.81,1.25,0.45,1.16,3.11,0.03
13,DRREDDY,Dr. Reddy's Laboratories Ltd.,PHARMACEUTICALS,834455365,76117.13,0.68,0.54,0.17,0.99,5.68,0.02
14,EICHERMOT,Eicher Motors Ltd.,MOTOR CYCLES/SCOOTERS,274164080,73099.84,0.65,0.99,0.34,1.38,-4.19,0.02
15,ETERNAL,Eternal Ltd.,E-RETAIL/ E-COMMERCE,9650350647,165114.42,1.48,1.02,0.14,2.82,2.49,0.02
16,GRASIM,Grasim Industries Ltd.,CEMENT,1360876778,97450.37,0.87,1.02,0.42,1.59,-7,0.02
17,HCLTECH,HCL Technologies Ltd.,COMPUTERS - SOFTWARE,5427330192,173122.69,1.55,0.89,0.27,1.98,4.41,0.02
18,HDFCBANK,HDFC Bank Ltd.,PRIVATE SECTOR BANK,7651920290,1475537.86,13.21,0.89,0.44,1.15,1.03,0.02
19,HDFCLIFE,HDFC Life Insurance Company Ltd.,LIFE INSURANCE,21528932870,82942.56,0.74,0.71,0.21,1.42,4.46,0.02
20,HEROMOTOCO,Hero MotoCorp Ltd.,MOTOR CYCLES/SCOOTERS,400021672,55787,0.5,0.76,0.2,1.99,12.59,0.02
21,HINDALCO,Hindalco Industries Ltd.,ALUMINIUM,2247226523,91471.02,0.82,1.26,0.38,1.67,1.42,0.02
22,HINDUNILVR,Hindustan Unilever Ltd.,DIVERSIFIED,2349591262,207847.58,1.86,0.28,0.05,1.05,0.26,0.02
23,ICICIBANK,ICICI Bank Ltd.,PRIVATE SECTOR BANK,14131839426,1017732.12,9.11,0.98,0.54,1.33,1.32,0.02
24,ITC,ITC Ltd.,CIGARETTES & RELATED PRODUCTS,12514119782,388093.04,3.48,0.61,0.26,1.46,-1.82,0.02
25,INDUSINDBK,IndusInd Bank Ltd.,PRIVATE SECTOR BANK,7790544720,53654.14,0.48,0.63,0.21,1.6,-2.56,0.03
26,INFY,Infosys Ltd.,COMPUTERS - SOFTWARE,20763668865,561027.62,5.02,0.91,0.29,2.09,4.17,0.02
27,JSWSTEEL,JSW Steel Ltd.,STEEL,2445453966,94004.96,0.84,1.23,0.48,2.24,-3.52,0.03
28,JIOFIN,Jio Financial Services Ltd.,NBFC,63531416230,93641.31,0.84,1.37,0.4,2.03,10.07,0.04
29,KOTAKBANK,Kotak Mahindra Bank Ltd.,PRIVATE SECTOR BANK,9941114965,304233.59,2.72,0.89,0.35,1.31,-6.04,0.01
30,LT,Larsen & Toubro Ltd.,ENGINEERING-DESIGNING-CONSTRUCTION,2750350030,430260.22,3.85,1.33,0.51,1.28,10,0.02
31,M&M,Mahindra & Mahindra Ltd.,PASSENGER/UTILITY VEHICLES,6217644155,263071.69,2.36,1.3,0.39,1.86,1.64,0.02
32,MARUTI,Maruti Suzuki India Ltd.,PASSENGER/UTILITY VEHICLES,1572012870,161242.08,1.44,0.8,0.3,1.3,0.51,0.02
33,NTPC,NTPC Ltd.,POWER,96966661340,157896,1.41,1.4,0.47,1.39,-5.82,0.03
34,NESTLEIND,Nestle India Ltd.,CONSUMER FOOD,964157160,85683.98,0.77,0.41,0.12,1.33,0.33,0.02
35,ONGC,Oil & Natural Gas Corporation Ltd.,OIL EXPLORATION,62901396030,92735.04,0.83,1.55,0.43,1.46,-2.07,0.02
36,POWERGRID,Power Grid Corporation of India Ltd.,POWER - TRANSMISSION,93006038190,130966.47,1.17,1.25,0.43,1.64,-5.76,0.03
37,RELIANCE,Reliance Industries Ltd.,REFINERIES/MARKETING,1.35E+11,960098,8.6,1.18,0.6,1.4,1.13,0.01
38,SBILIFE,SBI Life Insurance Company Ltd.,LIFE INSURANCE,10021169710,81000.13,0.73,0.79,0.24,1.23,2.63,0.03
39,SHRIRAMFIN,Shriram Finance Ltd.,NBFC,3760767760,89241.89,0.8,1.67,0.45,2.59,4.52,0.02
40,SBIN,State Bank of India,PUBLIC SECTOR BANK,8924620034,311234.2,2.79,1.33,0.52,1.17,3,0.02
41,SUNPHARMA,Sun Pharmaceutical Industries Ltd.,PHARMACEUTICALS,2399334970,180380.71,1.62,0.54,0.16,1.3,-8.44,0.02
42,TCS,Tata Consultancy Services Ltd.,COMPUTERS - SOFTWARE,3618087518,352764.44,3.16,0.7,0.24,1.49,0.28,0.02
43,TATACONSUM,Tata Consumer Products Ltd.,TEA &  COFFEE,989494148,71846.3,0.64,0.66,0.17,1.44,-5.1,0.02
44,TATAMOTORS,Tata Motors Ltd.,PASSENGER/UTILITY VEHICLES,7362378430,149743.99,1.34,1.24,0.35,1.92,11.68,0.02
45,TATASTEEL,Tata Steel Ltd.,STEEL,12483527171,132787.24,1.19,1.41,0.51,1.75,14.95,0.02
46,TECHM,Tech Mahindra Ltd.,COMPUTERS - SOFTWARE,4894968560,99559.26,0.89,0.92,0.27,1.58,4.72,0.03
47,TITAN,Titan Company Ltd.,"GEMS, JEWELLERY AND WATCHES",887786160,146224.02,1.31,0.69,0.21,1.22,5.19,0.02
48,TRENT,Trent Ltd.,SPECIALITY RETAIL,355487461,125078.34,1.12,1.31,0.24,2.25,9.11,0.02
49,ULTRACEMCO,UltraTech Cement Ltd.,CEMENT,2946774100,130066.12,1.16,1.03,0.4,1.24,-3.7,0.02
50,WIPRO,Wipro Ltd.,COMPUTERS - SOFTWARE,20943711336,70723.49,0.63,1.03,0.27,1.7,3.38,0.02
,,,,,11165662.25,,,,,,0.02
,,,,,,,,,,,
* Beta & R2 are calculated for the period 31-May-2024 to 30-May-2025,,,,,,,,,,,
,,,,,,,,,,,
* Beta measures the  degree to which any portfolio of stocks is affected as compared to the effect,,,,,,,,,,,
  on the market as a whole.,,,,,,,,,,,
,,,,,,,,,,,
* The coefficient of determination (R2) measures the strength of relationship between two variables,,,,,,,,,,,
   the return on  a security versus that of the market.,,,,,,,,,,,
,,,,,,,,,,,
* Volatility is the Std. deviation of the daily returns for the period 02-May-2025 to 30-May-2025,,,,,,,,,,,
,,,,,,,,,,,
* Last day of trading was 30-May-2025,,,,,,,,,,,
,,,,,,,,,,,
* Impact Cost for Nifty 50 is for a portfolio of Rs. 50 Lakhs  ,,,,,,,,,,,
,,,,,,,,,,,
* Impact Cost for Nifty 50 is the weightage average impact cost,,,,,,,,,,,
