Annexure II-  Nifty 50 Index : March 2026,,,,,,,,,,,
,,,,,,,,,,,
Sr. No,Security Symbol,Security Name,Basic Industry,Equity Capital (In Rs.),Index Market Capitalisation (Rs. Crores),Weightage (%),Beta,R2,Volatility (%),Monthly Return,Avg. Impact Cost (%)
1,ADANIENT,Adani Enterprises Ltd.,Trading - Minerals,1154180729,45677.03,0.45,1.70,0.47,2.08,-18.64,0.02
2,ADANIPORTS,Adani Ports and Special Economic Zone Ltd.,Port & Port services,4607918196,96563.17,0.95,1.48,0.49,2.48,-13.70,0.03
3,APOLLOHOSP,Apollo Hospitals Enterprise Ltd.,Hospital,718923285,76128.96,0.75,0.75,0.26,1.65,-5.15,0.01
4,ASIANPAINT,Asian Paints Ltd.,Paints,959197790,97624.23,0.96,0.77,0.22,2.16,-8.88,0.02
5,AXISBANK,Axis Bank Ltd.,Private Sector Bank,6215441746,332269.82,3.26,1.18,0.47,2.15,-16.08,0.03
6,BAJAJ-AUTO,Bajaj Auto Ltd.,2/3 Wheelers,2794978380,97026.76,0.95,1.11,0.42,2.26,-11.94,0.03
7,BAJFINANCE,Bajaj Finance Ltd.,Non Banking Financial Company (NBFC),6222481865,213827.69,2.09,1.26,0.36,2.90,-19.52,0.02
8,BAJAJFINSV,Bajaj Finserv Ltd.,Holding Company,1600549988,93919.52,0.92,1.23,0.51,2.11,-18.14,0.03
9,BEL,Bharat Electronics Ltd.,Aerospace & Defense,7309778829,143099.45,1.40,0.91,0.20,2.15,-9.91,0.02
10,BHARTIARTL,Bharti Airtel Ltd.,Telecom - Cellular & Fixed line services,30465519100,545553.30,5.34,0.79,0.30,1.54,-5.16,0.02
11,CIPLA,Cipla Ltd.,Pharmaceuticals,1615561354,68679.75,0.67,0.71,0.23,1.28,-9.20,0.02
12,COALINDIA,Coal India Ltd.,Coal,61627283270,101983.61,1.00,0.67,0.17,2.06,4.60,0.04
13,DRREDDY,Dr. Reddy's Laboratories Ltd.,Pharmaceuticals,834643020,76257.48,0.75,0.83,0.28,1.68,-2.44,0.02
14,EICHERMOT,Eicher Motors Ltd.,2/3 Wheelers,274314204,90380.81,0.89,1.09,0.39,2.66,-17.78,0.02
15,ETERNAL,Eternal Ltd.,E-Retail/ E-Commerce,9650350647,164479.59,1.61,1.35,0.27,2.89,-7.03,0.03
16,GRASIM,Grasim Industries Ltd.,Cement & Cement Products,1361048632,97099.83,0.95,1.18,0.50,2.35,-8.65,0.02
17,HCLTECH,HCL Technologies Ltd.,Computers - Software & Consulting,5427330192,141176.15,1.38,0.96,0.28,1.45,-3.42,0.03
18,HDFCBANK,HDFC Bank Ltd.,Private Sector Bank,15391982634,1116459.89,10.94,1.04,0.62,2.30,-17.60,0.02
19,HDFCLIFE,HDFC Life Insurance Company Ltd.,Life Insurance,21576158500,63332.24,0.62,0.88,0.34,1.90,-17.43,0.02
20,HINDALCO,Hindalco Industries Ltd.,Aluminium,2247226523,127661.54,1.25,1.25,0.34,2.43,-4.35,0.02
21,HINDUNILVR,Hindustan Unilever Ltd.,Diversified FMCG,2349591262,181869.62,1.78,0.51,0.14,1.37,-12.10,0.02
22,ICICIBANK,ICICI Bank Ltd.,Private Sector Bank,14317797772,859704.64,8.42,0.90,0.46,1.71,-12.55,0.02
23,ITC,ITC Ltd.,Diversified FMCG,12529229382,276518.46,2.71,0.57,0.16,1.30,-8.26,0.03
24,INFY,Infosys Ltd.,Computers - Software & Consulting,20276955635,437245.08,4.28,0.88,0.22,1.56,-3.81,0.02
25,INDIGO,InterGlobe Aviation Ltd.,Airline,3866129980,88957.70,0.87,1.41,0.40,3.30,-18.31,0.03
26,JSWSTEEL,JSW Steel Ltd.,Iron & Steel,2445453966,104948.78,1.03,1.40,0.50,2.77,-11.24,0.04
27,JIOFIN,Jio Financial Services Ltd.,Investment Company,63531416230,73289.24,0.72,1.52,0.55,2.60,-12.26,0.04
28,KOTAKBANK,Kotak Mahindra Bank Ltd.,Private Sector Bank,9946457005,259445.09,2.54,0.95,0.36,1.81,-14.88,0.02
29,LT,Larsen & Toubro Ltd.,Civil Construction,2751223058,410269.49,4.02,1.35,0.53,3.34,-18.10,0.03
30,M&M,Mahindra & Mahindra Ltd.,Passenger Cars & Utility Vehicles,6217644155,263291.94,2.58,1.39,0.49,3.11,-13.03,0.01
31,MARUTI,Maruti Suzuki India Ltd.,Passenger Cars & Utility Vehicles,1572012870,161022.01,1.58,0.94,0.32,2.20,-17.17,0.02
32,MAXHEALTH,Max Healthcare Institute Ltd.,Hospital,9731350410,71401.81,0.70,0.77,0.14,1.39,-11.87,0.03
33,NTPC,NTPC Ltd.,Power Generation,96966661340,175227.05,1.72,0.75,0.29,1.62,-2.95,0.03
34,NESTLEIND,Nestle India Ltd.,Packaged Foods,1928314320,83995.44,0.82,0.73,0.26,1.19,-9.05,0.03
35,ONGC,Oil & Natural Gas Corporation Ltd.,Oil Exploration & Production,62901396030,110264.35,1.08,0.64,0.13,1.63,1.77,0.03
36,POWERGRID,Power Grid Corporation of India Ltd.,Power - Transmission,93006038190,133729.54,1.31,0.79,0.23,1.11,-0.85,0.04
37,RELIANCE,Reliance Industries Ltd.,Refineries & Marketing,135324726340,905173.48,8.87,1.02,0.44,1.70,-3.59,0.02
38,SBILIFE,SBI Life Insurance Company Ltd.,Life Insurance,10030167960,79599.77,0.78,0.85,0.34,1.89,-12.76,0.03
39,SHRIRAMFIN,Shriram Finance Ltd.,Non Banking Financial Company (NBFC),3763130742,121781.35,1.19,1.79,0.47,3.85,-19.21,0.03
40,SBIN,State Bank of India,Public Sector Bank,9230617586,405286.84,3.97,0.99,0.39,1.96,-18.50,0.02
41,SUNPHARMA,Sun Pharmaceutical Industries Ltd.,Pharmaceuticals,2399334970,185532.09,1.82,0.59,0.17,1.22,1.16,0.02
42,TCS,Tata Consultancy Services Ltd.,Computers - Software & Consulting,3618087518,240211.03,2.35,0.73,0.22,1.18,-10.56,0.02
43,TATACONSUM,Tata Consumer Products Ltd.,Tea & Coffee,989557956,65891.81,0.65,0.82,0.24,1.61,-11.06,0.02
44,TMPV,Tata Motors Passenger Vehicles Ltd.,Passenger Cars & Utility Vehicles,7365251144,61860.55,0.61,1.35,0.39,2.86,-22.59,0.02
45,TATASTEEL,Tata Steel Ltd.,Iron & Steel,12483527171,158134.11,1.55,1.47,0.43,3.02,-9.64,0.02
46,TECHM,Tech Mahindra Ltd.,Computers - Software & Consulting,4898898455,87617.29,0.86,0.83,0.20,1.69,1.93,0.03
47,TITAN,Titan Company Ltd.,"Gems, Jewellery And Watches",887786160,162595.02,1.59,0.75,0.24,2.08,-8.69,0.02
48,TRENT,Trent Ltd.,Speciality Retail,355487461,72922.52,0.71,1.53,0.34,2.36,-15.48,0.02
49,ULTRACEMCO,UltraTech Cement Ltd.,Cement & Cement Products,2946791710,126888.05,1.24,1.10,0.46,3.06,-15.24,0.03
50,WIPRO,Wipro Ltd.,Computers - Software & Consulting,20976248870,53472.89,0.52,0.75,0.17,1.46,-6.63,0.02
,,,,,10207347.88,,,,,,0.02
,,,,,,,,,,,
* Beta & R2 are calculated for the period 01-Apr-2025 to 30-Mar-2026,,,,,,,,,,,
,,,,,,,,,,,
* Beta measures the  degree to which any portfolio of stocks is affected as compared to the effect,,,,,,,,,,,
  on the market as a whole.,,,,,,,,,,,
,,,,,,,,,,,
* The coefficient of determination (R2) measures the strength of relationship between two variables,,,,,,,,,,,
   the return on  a security versus that of the market.,,,,,,,,,,,
,,,,,,,,,,,
* Volatility is the Std. deviation of the daily returns for the period 02-Mar-2026 to 30-Mar-2026,,,,,,,,,,,
,,,,,,,,,,,
*Impact Cost for Nifty 50 is for a portfolio of Rs. 50 Lakhs. Impact Cost for NIFTY 50 is the weightage average impact cost for the month.,,,,,,,,,,,
,,,,,,,,,,,
*Last day of trading was 30-Mar-2026,,,,,,,,,,,
