Annexure II-  Nifty 50 Index : February 2026,,,,,,,,,,,
,,,,,,,,,,,
Sr. No,Security Symbol,Security Name,Basic Industry,Equity Capital (In Rs.),Index Market Capitalisation (Rs. Crores),Weightage (%),Beta,R2,Volatility (%),Monthly Return,Avg. Impact Cost (%)
1,ADANIENT,Adani Enterprises Ltd.,Trading - Minerals,1154180729,56149.41,0.49,1.86,0.45,2.91,7.00,0.02
2,ADANIPORTS,Adani Ports and Special Economic Zone Ltd.,Port & Port services,4607918196,111894.40,0.98,1.51,0.43,2.82,7.13,0.03
3,APOLLOHOSP,Apollo Hospitals Enterprise Ltd.,Hospital,718923285,80286.48,0.70,0.74,0.20,0.97,12.37,0.01
4,ASIANPAINT,Asian Paints Ltd.,Paints,959197790,107146.66,0.94,0.65,0.13,1.22,-2.15,0.02
5,AXISBANK,Axis Bank Ltd.,Private Sector Bank,6208977028,395522.26,3.46,1.14,0.39,1.36,0.99,0.02
6,BAJAJ-AUTO,Bajaj Auto Ltd.,2/3 Wheelers,2792576080,110257.39,0.96,1.03,0.30,1.23,3.91,0.02
7,BAJFINANCE,Bajaj Finance Ltd.,Non Banking Financial Company (NBFC),6222481865,263684.16,2.30,1.09,0.25,1.98,7.10,0.02
8,BAJAJFINSV,Bajaj Finserv Ltd.,Holding Company,1597813220,113666.94,0.99,1.19,0.39,1.37,2.09,0.03
9,BEL,Bharat Electronics Ltd.,Aerospace & Defense,7309778829,158836.28,1.39,0.95,0.17,1.85,-0.96,0.02
10,BHARTIARTL,Bharti Airtel Ltd.,Telecom - Cellular & Fixed line services,28510526595,522199.76,4.56,0.90,0.30,1.36,-4.54,0.02
11,CIPLA,Cipla Ltd.,Pharmaceuticals,1615543596,75642.72,0.66,0.82,0.23,0.94,1.83,0.02
12,COALINDIA,Coal India Ltd.,Coal,61627283270,97511.70,0.85,0.95,0.28,1.69,-2.29,0.03
13,DRREDDY,Dr. Reddy's Laboratories Ltd.,Pharmaceuticals,834630355,78166.44,0.68,0.87,0.24,1.62,5.60,0.02
14,EICHERMOT,Eicher Motors Ltd.,2/3 Wheelers,274299237,109953.13,0.96,0.92,0.26,2.04,12.47,0.01
15,ETERNAL,Eternal Ltd.,E-Retail/ E-Commerce,9650350647,176466.33,1.54,1.31,0.20,2.51,-9.98,0.03
16,GRASIM,Grasim Industries Ltd.,Cement & Cement Products,1361043468,106659.70,0.93,1.09,0.39,1.45,-0.68,0.02
17,HCLTECH,HCL Technologies Ltd.,Computers - Software & Consulting,5427330192,146154.21,1.28,1.20,0.33,2.09,-18.08,0.03
18,HDFCBANK,HDFC Bank Ltd.,Private Sector Bank,15384577216,1354195.07,11.83,0.91,0.50,1.07,-4.47,0.02
19,HDFCLIFE,HDFC Life Insurance Company Ltd.,Life Insurance,21576158500,76663.23,0.67,0.80,0.24,1.32,-2.15,0.02
20,HINDALCO,Hindalco Industries Ltd.,Aluminium,2247226523,133412.01,1.17,1.41,0.36,2.40,-3.94,0.02
21,HINDUNILVR,Hindustan Unilever Ltd.,Diversified FMCG,2349591262,206920.06,1.81,0.47,0.09,1.51,-1.47,0.02
22,ICICIBANK,ICICI Bank Ltd.,Private Sector Bank,14300383514,982161.82,8.58,0.91,0.40,1.15,1.76,0.02
23,ITC,ITC Ltd.,Diversified FMCG,12528764562,301373.56,2.63,0.57,0.13,1.82,-2.65,0.03
24,INFY,Infosys Ltd.,Computers - Software & Consulting,20273122045,454134.70,3.97,1.07,0.24,2.21,-20.77,0.02
25,INDIGO,InterGlobe Aviation Ltd.,Airline,3865905980,108829.40,0.95,0.63,0.21,1.68,5.02,0.02
26,JSWSTEEL,JSW Steel Ltd.,Iron & Steel,2445453966,118483.23,1.04,1.32,0.42,1.08,4.14,0.03
27,JIOFIN,Jio Financial Services Ltd.,Investment Company,63531416230,83488.87,0.73,1.57,0.47,2.21,0.35,0.03
28,KOTAKBANK,Kotak Mahindra Bank Ltd.,Private Sector Bank,9945492975,304457.11,2.66,0.93,0.28,1.38,1.76,0.02
29,LT,Larsen & Toubro Ltd.,Civil Construction,2751161744,501042.64,4.38,1.17,0.45,1.60,8.80,0.02
30,M&M,Mahindra & Mahindra Ltd.,Passenger Cars & Utility Vehicles,6217644155,302437.82,2.64,1.22,0.36,1.55,-1.00,0.02
31,MARUTI,Maruti Suzuki India Ltd.,Passenger Cars & Utility Vehicles,1572012870,194411.71,1.70,0.79,0.22,1.38,1.77,0.02
32,MAXHEALTH,Max Healthcare Institute Ltd.,Hospital,9727693540,80977.47,0.71,0.86,0.12,1.73,14.13,0.03
33,NTPC,NTPC Ltd.,Power Generation,96966661340,180550.74,1.58,0.96,0.33,1.45,7.28,0.03
34,NESTLEIND,Nestle India Ltd.,Packaged Foods,1928314320,92356.76,0.81,0.75,0.21,1.30,-3.05,0.03
35,ONGC,Oil & Natural Gas Corporation Ltd.,Oil Exploration & Production,62901396030,108346.53,0.95,0.94,0.22,2.08,3.99,0.03
36,POWERGRID,Power Grid Corporation of India Ltd.,Power - Transmission,93006038190,134895.37,1.18,1.11,0.33,2.40,16.43,0.03
37,RELIANCE,Reliance Industries Ltd.,Refineries & Marketing,135324726340,938537.47,8.20,1.23,0.50,1.68,-0.11,0.01
38,SBILIFE,SBI Life Insurance Company Ltd.,Life Insurance,10028298380,91195.10,0.80,0.83,0.27,1.11,1.94,0.03
39,SHRIRAMFIN,Shriram Finance Ltd.,Non Banking Financial Company (NBFC),3762724202,150751.74,1.32,1.62,0.37,2.21,5.82,0.02
40,SBIN,State Bank of India,Public Sector Bank,9230617586,497205.01,4.34,0.91,0.30,2.33,11.56,0.02
41,SUNPHARMA,Sun Pharmaceutical Industries Ltd.,Pharmaceuticals,2399334970,183413.47,1.60,0.73,0.19,1.30,8.88,0.02
42,TCS,Tata Consultancy Services Ltd.,Computers - Software & Consulting,3618087518,268572.14,2.35,0.87,0.23,2.30,-15.57,0.03
43,TATACONSUM,Tata Consumer Products Ltd.,Tea & Coffee,989544308,74084.50,0.65,0.84,0.21,1.58,0.63,0.02
44,TMPV,Tata Motors Passenger Vehicles Ltd.,Passenger Cars & Utility Vehicles,7365158764,79791.79,0.70,1.21,0.27,1.73,9.31,0.02
45,TATASTEEL,Tata Steel Ltd.,Iron & Steel,12483527171,175014.83,1.53,1.45,0.37,1.83,9.94,0.02
46,TECHM,Tech Mahindra Ltd.,Computers - Software & Consulting,4898606665,85960.30,0.75,1.00,0.22,2.05,-22.10,0.03
47,TITAN,Titan Company Ltd.,"Gems, Jewellery And Watches",887786160,178117.92,1.56,0.63,0.14,1.22,8.80,0.02
48,TRENT,Trent Ltd.,Speciality Retail,355487461,86276.46,0.75,1.46,0.24,1.87,3.01,0.02
49,ULTRACEMCO,UltraTech Cement Ltd.,Cement & Cement Products,2946791710,149861.49,1.31,0.82,0.30,1.40,-0.13,0.02
50,WIPRO,Wipro Ltd.,Computers - Software & Consulting,20973437508,57218.74,0.50,0.91,0.19,1.59,-15.17,0.02
,,,,,11445337.00,,,,,,0.02
,,,,,,,,,,,
* Beta & R2 are calculated for the period 03-Mar-2025 to 27-Feb-2026,,,,,,,,,,,
,,,,,,,,,,,
* Beta measures the  degree to which any portfolio of stocks is affected as compared to the effect,,,,,,,,,,,
  on the market as a whole.,,,,,,,,,,,
,,,,,,,,,,,
* The coefficient of determination (R2) measures the strength of relationship between two variables,,,,,,,,,,,
   the return on  a security versus that of the market.,,,,,,,,,,,
,,,,,,,,,,,
* Volatility is the Std. deviation of the daily returns for the period 01-Feb-2026 to 27-Feb-2026,,,,,,,,,,,
,,,,,,,,,,,
*Impact Cost for Nifty 50 is for a portfolio of Rs. 50 Lakhs. Impact Cost for NIFTY 50 is the weightage average impact cost for the month.,,,,,,,,,,,
,,,,,,,,,,,
*Last day of trading was 27-Feb-2026,,,,,,,,,,,
