Annexure II-  Nifty 50 Index : June 2025,,,,,,,,,,,
,,,,,,,,,,,
Sr. No,Security Symbol,Security Name,Industry,Equity Capital (In Rs.),Index Market Capitalisation (Rs. Crores),Weightage (%),Beta,R2,Volatility (%),Monthly Return,Avg. Impact Cost (%)
1,ADANIENT,Adani Enterprises Ltd.,TRADING - MINERALS/ MINING,1154180729,68040.00047,0.58990307,1.57582635,0.27464924,1.43356708,3.94856939,0.02
2,ADANIPORTS,Adani Ports and Special Economic Zone Ltd.,PORT,4320277890,106729.1365,0.92533576,1.47964856,0.37424407,1.53284933,1.21440536,0.03
3,APOLLOHOSP,Apollo Hospitals Enterprise Ltd.,HOSPITAL,718923285,72962.6677,0.63258233,0.71091835,0.20464157,1.03907012,5.25397864,0.01
4,ASIANPAINT,Asian Paints Ltd.,PAINTS,959197790,105619.4114,0.9157145,0.63746974,0.16933007,0.90529896,3.62976407,0.01
5,AXISBANK,Axis Bank Ltd.,PRIVATE SECTOR BANK,6202154800,342250.4514,2.96729264,1.02692621,0.38002185,1.20405981,0.58714981,0.02
6,BAJAJ-AUTO,Bajaj Auto Ltd.,MOTOR CYCLES/SCOOTERS,2792576080,92541.23464,0.80232743,1.11242314,0.27700579,0.81366804,-2.68386197,0.02
7,BAJFINANCE,Bajaj Finance Ltd.,NBFC,6214286520,248176.733,2.15167866,1.05024854,0.30925702,1.60010303,2.00969446,0.02
8,BAJAJFINSV,Bajaj Finserv Ltd.,GENERAL INSURANCE,1597813220,111365.0249,0.96552866,1.14583166,0.36404151,1.15094828,1.91335382,0.03
9,BEL,Bharat Electronics Ltd.,DEFENSE,7309778829,150549.794,1.30525845,1.25736455,0.27687857,1.43758048,9.59438378,0.02
10,BHARTIARTL,Bharti Airtel Ltd.,TELECOM - SERVICES,28510526595,546219.5396,4.73569344,0.91786984,0.3217378,1.07814634,8.26419567,0.02
11,CIPLA,Cipla Ltd.,PHARMACEUTICALS,1615415650,84471.61397,0.73236426,0.75270181,0.19339212,0.75513527,2.74271679,0.01
12,COALINDIA,Coal India Ltd.,INDUSTRIAL MINERALS,61627283270,88784.1578,0.76975378,1.04549198,0.33569498,0.918847,-1.34658948,0.03
13,DRREDDY,Dr. Reddy's Laboratories Ltd.,PHARMACEUTICALS,834571090,77926.75801,0.67562072,0.61383942,0.16268837,1.32010689,2.56553708,0.02
14,EICHERMOT,Eicher Motors Ltd.,MOTOR CYCLES/SCOOTERS,274252240,77581.67851,0.6726289,1.15515512,0.37177131,0.76519018,6.05606075,0.02
15,ETERNAL,Eternal Ltd.,E-RETAIL/ E-COMMERCE,9650350647,183093.7738,1.58741297,1.24797259,0.16163637,1.71858097,10.8430196,0.02
16,GRASIM,Grasim Industries Ltd.,CEMENT,1361020908,108352.8334,0.93941312,1.0921615,0.3987111,1.24564016,11.73305051,0.02
17,HCLTECH,HCL Technologies Ltd.,COMPUTERS - SOFTWARE,5427330192,182615.8663,1.58326954,1.08279176,0.31197055,1.11088656,5.62141024,0.02
18,HDFCBANK,HDFC Bank Ltd.,PRIVATE SECTOR BANK,7667913646,1521868.785,13.19451887,0.87969371,0.38638344,0.88964687,2.91017533,0.01
19,HDFCLIFE,HDFC Life Insurance Company Ltd.,LIFE INSURANCE,21546938260,87022.14583,0.75447723,0.79742039,0.20747376,1.05960388,4.82075047,0.02
20,HEROMOTOCO,Hero MotoCorp Ltd.,MOTOR CYCLES/SCOOTERS,400031416,54861.27949,0.47564428,0.98755162,0.29090503,1.1183092,-1.67544613,0.01
21,HINDALCO,Hindalco Industries Ltd.,ALUMINIUM,2247226523,100058.7744,0.86750408,1.332859,0.36503629,1.06110948,9.36858721,0.01
22,HINDUNILVR,Hindustan Unilever Ltd.,DIVERSIFIED,2349591262,203068.1871,1.76059004,0.49210383,0.12476992,0.78749356,-2.28676064,0.01
23,ICICIBANK,ICICI Bank Ltd.,PRIVATE SECTOR BANK,14270051932,1027711.558,8.91020283,0.91511845,0.4501373,0.87199507,0,0.02
24,ITC,ITC Ltd.,CIGARETTES & RELATED PRODUCTS,12514119782,386638.4426,3.35213409,0.617999798,0.217311284,0.71517649,-0.38272934,0.02
25,INDUSINDBK,IndusInd Bank Ltd.,PRIVATE SECTOR BANK,7790558720,57276.55533,0.49658459,0.633809084,0.212465694,1.70256849,6.75071914,0.02
26,INFY,Infosys Ltd.,COMPUTERS - SOFTWARE,20771363140,575375.8979,4.98847747,1.07544872,0.32629013,1.0925708,2.50207973,0.02
27,JSWSTEEL,JSW Steel Ltd.,STEEL,2445453966,96589.40129,0.83742481,1.21671906,0.4073809,1.22578993,2.71766482,0.03
28,JIOFIN,Jio Financial Services Ltd.,NBFC,63531416230,106772.3141,0.92571011,1.50735955,0.38103138,1.73615697,13.98918542,0.03
29,KOTAKBANK,Kotak Mahindra Bank Ltd.,PRIVATE SECTOR BANK,9941383635,317221.6174,2.75029402,0.89704109,0.28874399,1.15249989,4.28013689,0.01
30,LT,Larsen & Toubro Ltd.,ENGINEERING-DESIGNING-CONSTRUCTION,2750718852,429709.9569,3.72556175,1.22045354,0.44453793,0.89553602,-0.14421376,0.02
31,M&M,Mahindra & Mahindra Ltd.,PASSENGER/UTILITY VEHICLES,6217644155,280489.5222,2.43182877,1.39845876,0.38788231,1.22950335,6.93361999,0.01
32,MARUTI,Maruti Suzuki India Ltd.,PASSENGER/UTILITY VEHICLES,1572012870,162288.635,1.40703356,0.92013309,0.31413922,1.03812147,0.6575209,0.02
33,NTPC,NTPC Ltd.,POWER,96966661340,158357.1961,1.3729482,1.09868179,0.34631718,0.92208844,0.29949087,0.03
34,NESTLEIND,Nestle India Ltd.,CONSUMER FOOD,964157160,88147.50707,0.76423405,0.60914499,0.21034705,0.85429639,2.88373258,0.02
35,ONGC,Oil & Natural Gas Corporation Ltd.,OIL EXPLORATION,62901396030,94597.64791,0.82015642,1.2172949,0.29339427,1.12548799,2.00918964,0.02
36,POWERGRID,Power Grid Corporation of India Ltd.,POWER - TRANSMISSION,93006038190,135504.607,1.17481751,1.08458315,0.34174858,1.33240287,3.50301984,0.03
37,RELIANCE,Reliance Industries Ltd.,REFINERIES/MARKETING,1.35E+11,1013854.962,8.7900669,1.16520981,0.55737001,0.95475189,5.60912098,0.01
38,SBILIFE,SBI Life Insurance Company Ltd.,LIFE INSURANCE,10023513200,82192.01618,0.71260027,0.86771027,0.23505666,0.94197615,1.44023838,0.03
39,SHRIRAMFIN,Shriram Finance Ltd.,NBFC,3761053406,98665.46447,0.85542416,1.680397,0.38743411,1.95353045,10.55759756,0.02
40,SBIN,State Bank of India,PUBLIC SECTOR BANK,8924620034,314317.8366,2.7251184,1.05302607,0.39910781,0.84235557,0.99101317,0.01
41,SUNPHARMA,Sun Pharmaceutical Industries Ltd.,PHARMACEUTICALS,2399334970,180182.8539,1.56217546,0.58683566,0.15434876,0.6849924,-0.11325703,0.02
42,TCS,Tata Consultancy Services Ltd.,COMPUTERS - SOFTWARE,3618087518,352590.5313,3.05694056,0.87747998,0.29519012,0.91469639,-0.04042271,0.02
43,TATACONSUM,Tata Consumer Products Ltd.,TEA &  COFFEE,989533170,71369.73667,0.6187717,0.85269123,0.21914371,1.22399997,-0.66889632,0.02
44,TATAMOTORS,Tata Motors Ltd.,PASSENGER/UTILITY VEHICLES,7362924650,143198.2524,1.24152099,1.32540246,0.32039202,1.29026391,-4.37804031,0.02
45,TATASTEEL,Tata Steel Ltd.,STEEL,12483527171,131748.5683,1.14225286,1.37012202,0.43247236,1.10277307,-0.78251149,0.02
46,TECHM,Tech Mahindra Ltd.,COMPUTERS - SOFTWARE,4895722790,106741.3972,0.92544206,1.04851663,0.28729476,1.08721554,7.18597115,0.03
47,TITAN,Titan Company Ltd.,"GEMS, JEWELLERY AND WATCHES",887786160,151805.3666,1.3161442,0.81786169,0.23366525,1.23928983,3.80309423,0.02
48,TRENT,Trent Ltd.,SPECIALITY RETAIL,355487461,137801.5963,1.19473228,1.45929613,0.23114922,1.85410961,10.17099318,0.02
49,ULTRACEMCO,UltraTech Cement Ltd.,CEMENT,2946791710,143134.1151,1.24096493,1.03001149,0.36845757,1.08050377,7.87689563,0.02
50,WIPRO,Wipro Ltd.,COMPUTERS - SOFTWARE,20964310968,75654.96025,0.65592435,1.15186828,0.27941273,0.86338343,6.53262306,0.02
,,,,,11534098.36,,,,,,0.02
,,,,,,,,,,,
* Beta & R2 are calculated for the period 28-Jun-2024 to 30-Jun-2025,,,,,,,,,,,
,,,,,,,,,,,
* Beta measures the  degree to which any portfolio of stocks is affected as compared to the effect,,,,,,,,,,,
  on the market as a whole.,,,,,,,,,,,
,,,,,,,,,,,
* The coefficient of determination (R2) measures the strength of relationship between two variables,,,,,,,,,,,
   the return on  a security versus that of the market.,,,,,,,,,,,
,,,,,,,,,,,
* Volatility is the Std. deviation of the daily returns for the period 02-Jun-2025 to 30-Jun-2025,,,,,,,,,,,
,,,,,,,,,,,
*Impact Cost for Nifty 50 is for a portfolio of Rs. 50 Lakhs. Impact Cost for Nifty 50 is the weightaged average impact cost for the month.,,,,,,,,,,,
,,,,,,,,,,,
*Last day of trading was 30-Jun-2025,,,,,,,,,,,
