Annexure II-  Nifty 50 Index : January 2025,,,,,,,,,,,
,,,,,,,,,,,
Sr. No,Security Symbol,Security Name,Industry,Equity Capital (In Rs.),Index Market Capitalisation (Rs. Crores),Weightage (%),Beta,R2,Volatility (%),Monthly Return,Avg. Impact Cost (%)
1,ADANIENT,Adani Enterprises Ltd.,TRADING - MINERALS/ MINING,1154180729,56885.56654,0.54,2.02,0.38,2.70,-9.52,0.02
2,ADANIPORTS,Adani Ports and Special Economic Zone Ltd.,PORT,4320277890,80924.07565,0.77,2.12,0.52,2.01,-10.70,0.03
3,APOLLOHOSP,Apollo Hospitals Enterprise Ltd.,HOSPITAL,718923285,68858.57849,0.65,0.50,0.10,1.48,-6.66,0.02
4,ASIANPAINT,Asian Paints Ltd.,PAINTS,959197790,103924.4113,0.99,0.56,0.13,1.37,0.85,0.01
5,AXISBANK,Axis Bank Ltd.,PRIVATE SECTOR BANK,6189929264,280857.0352,2.66,1.10,0.38,1.58,-7.38,0.02
6,BAJAJ-AUTO,Bajaj Auto Ltd.,MOTOR CYCLES/SCOOTERS,2792576080,98058.01791,0.93,0.77,0.15,1.40,0.56,0.02
7,BAJFINANCE,Bajaj Finance Ltd.,NBFC,1237992940,220415.7272,2.09,1.16,0.38,2.12,15.57,0.01
8,BAJAJFINSV,Bajaj Finserv Ltd.,GENERAL INSURANCE,1596662097,94825.04418,0.90,1.11,0.41,2.21,10.71,0.03
9,BEL,Bharat Electronics Ltd.,DEFENSE,7309778829,104527.8467,0.99,1.87,0.43,2.71,-0.17,0.02
10,BPCL,Bharat Petroleum Corporation Ltd.,REFINERIES/MARKETING,43385054880,50469.48227,0.48,1.44,0.32,1.78,-10.72,0.03
11,BHARTIARTL,Bharti Airtel Ltd.,TELECOM - SERVICES,28479165105,435612.7354,4.13,0.91,0.31,1.02,2.43,0.02
12,BRITANNIA,Britannia Industries Ltd.,CONSUMER FOOD,240868296,60374.77159,0.57,0.27,0.03,0.94,7.70,0.02
13,CIPLA,Cipla Ltd.,PHARMACEUTICALS,1615228080,81215.33725,0.77,0.45,0.07,1.21,-3.24,0.02
14,COALINDIA,Coal India Ltd.,INDUSTRIAL MINERALS,61627283270,89678.90821,0.85,1.47,0.39,1.67,3.06,0.03
15,DRREDDY,Dr. Reddy's Laboratories Ltd.,PHARMACEUTICALS,834410880,74150.20042,0.70,0.41,0.08,1.46,-12.33,0.02
16,EICHERMOT,Eicher Motors Ltd.,MOTOR CYCLES/SCOOTERS,274132460,71378.14723,0.68,0.91,0.25,2.13,7.72,0.02
17,GRASIM,Grasim Industries Ltd.,CEMENT,1317019332,93103.54599,0.88,1.06,0.35,1.74,2.71,0.02
18,HCLTECH,HCL Technologies Ltd.,COMPUTERS - SOFTWARE,5427330192,182417.4701,1.73,0.63,0.14,2.40,-10.01,0.02
19,HDFCBANK,HDFC Bank Ltd.,PRIVATE SECTOR BANK,7647719799,1290111.674,12.24,0.91,0.39,1.19,-4.18,0.02
20,HDFCLIFE,HDFC Life Insurance Company Ltd.,LIFE INSURANCE,21528028110,68110.02413,0.65,0.72,0.17,2.06,3.40,0.02
21,HEROMOTOCO,Hero MotoCorp Ltd.,MOTOR CYCLES/SCOOTERS,399999062,56175.8927,0.53,0.71,0.15,1.48,4.29,0.02
22,HINDALCO,Hindalco Industries Ltd.,ALUMINIUM,2247226523,86279.56707,0.82,1.11,0.23,1.88,-1.35,0.02
23,HINDUNILVR,Hindustan Unilever Ltd.,DIVERSIFIED,2349591262,218884.8363,2.08,0.23,0.02,1.25,6.10,0.02
24,ICICIBANK,ICICI Bank Ltd.,PRIVATE SECTOR BANK,14116039660,882833.4114,8.38,1.01,0.47,1.15,-2.25,0.02
25,ITC,ITC Ltd.,CIGARETTES & RELATED PRODUCTS,12511710392,415521.234,3.94,0.64,0.21,1.04,-7.47,0.02
26,INDUSINDBK,IndusInd Bank Ltd.,PRIVATE SECTOR BANK,7790516730,65383.84458,0.62,1.26,0.32,1.77,3.23,0.02
27,INFY,Infosys Ltd.,COMPUTERS - SOFTWARE,20761345970,676252.796,6.42,0.70,0.19,1.99,-0.01,0.02
28,JSWSTEEL,JSW Steel Ltd.,STEEL,2445453966,90569.52251,0.86,1.25,0.42,1.17,4.83,0.03
29,KOTAKBANK,Kotak Mahindra Bank Ltd.,PRIVATE SECTOR BANK,9940820750,278826.3439,2.65,0.86,0.22,2.37,6.45,0.02
30,LT,Larsen & Toubro Ltd.,ENGINEERING-DESIGNING-CONSTRUCTION,2750261270,419421.0249,3.98,1.43,0.51,1.48,-1.12,0.03
31,M&M,Mahindra & Mahindra Ltd.,PASSENGER/UTILITY VEHICLES,6217644155,264361.4167,2.51,1.34,0.34,1.97,-0.57,0.02
32,MARUTI,Maruti Suzuki India Ltd.,PASSENGER/UTILITY VEHICLES,1572012870,161788.8372,1.53,0.88,0.26,1.67,13.37,0.02
33,NTPC,NTPC Ltd.,POWER,96966661340,153217.9059,1.45,1.55,0.46,2.08,-2.80,0.03
34,NESTLEIND,Nestle India Ltd.,CONSUMER FOOD,964157160,82737.00664,0.78,0.41,0.08,1.43,6.60,0.03
35,ONGC,Oil & Natural Gas Corporation Ltd.,OIL EXPLORATION,62901396030,101728.7408,0.97,1.65,0.40,2.24,9.76,0.02
36,POWERGRID,Power Grid Corporation of India Ltd.,POWER - TRANSMISSION,93006038190,136465.8901,1.29,1.37,0.37,1.81,-2.28,0.03
37,RELIANCE,Reliance Industries Ltd.,REFINERIES/MARKETING,1.35E+11,857703.9401,8.14,1.16,0.56,1.38,4.08,0.02
38,SBILIFE,SBI Life Insurance Company Ltd.,LIFE INSURANCE,10020450340,66305.21493,0.63,0.72,0.17,1.60,6.70,0.03
39,SHRIRAMFIN,Shriram Finance Ltd.,NBFC,3760587770,75897.56909,0.72,1.64,0.41,2.79,-5.90,0.03
40,SBIN,State Bank of India,PUBLIC SECTOR BANK,8924620034,297054.0494,2.82,1.43,0.46,1.37,-2.77,0.02
41,SUNPHARMA,Sun Pharmaceutical Industries Ltd.,PHARMACEUTICALS,2399334970,188004.855,1.78,0.51,0.14,1.51,-7.55,0.02
42,TCS,Tata Consultancy Services Ltd.,COMPUTERS - SOFTWARE,3618087518,419729.8024,3.98,0.63,0.16,1.77,0.43,0.02
43,TATACONSUM,Tata Consumer Products Ltd.,TEA &  COFFEE,989458618,66562.92318,0.63,0.66,0.13,1.57,12.02,0.02
44,TATAMOTORS,Tata Motors Ltd.,PASSENGER/UTILITY VEHICLES,7362249792,149912.8919,1.42,1.14,0.27,2.56,-3.25,0.02
45,TATASTEEL,Tata Steel Ltd.,STEEL,12483527171,111404.1752,1.06,1.45,0.45,1.91,-2.48,0.02
46,TECHM,Tech Mahindra Ltd.,COMPUTERS - SOFTWARE,4893489520,106155.6255,1.01,0.80,0.19,1.79,-1.86,0.03
47,TITAN,Titan Company Ltd.,"GEMS, JEWELLERY AND WATCHES",887786160,144216.3878,1.37,0.76,0.20,1.52,7.29,0.02
48,TRENT,Trent Ltd.,SPECIALITY RETAIL,355487461,127586.7527,1.21,1.16,0.17,2.73,-19.23,0.02
49,ULTRACEMCO,UltraTech Cement Ltd.,CEMENT,2886980600,130842.4395,1.24,1.15,0.44,2.04,0.53,0.03
50,WIPRO,Wipro Ltd.,COMPUTERS - SOFTWARE,20935817276,88204.00559,0.84,1.05,0.26,2.37,3.33,0.03
51,ITCHOTELS,ITC Hotels Ltd.,HOTELS & RESORTS,1251171039,15130.54415,0.14,-,-,-,-,-
,,,,,10541058.05,,,,,,0.02
,,,,,,,,,,,
* Beta & R2 are calculated for the period 01-Feb-2024 to 31-Jan-2025,,,,,,,,,,,
,,,,,,,,,,,
* Beta measures the  degree to which any portfolio of stocks is affected as compared to the effect,,,,,,,,,,,
  on the market as a whole.,,,,,,,,,,,
,,,,,,,,,,,
* The coefficient of determination (R2) measures the strength of relationship between two variables,,,,,,,,,,,
   the return on  a security versus that of the market.,,,,,,,,,,,
,,,,,,,,,,,
* Volatility is the Std. deviation of the daily returns for the period 01-Jan-2025 to 31-Jan-2025,,,,,,,,,,,
,,,,,,,,,,,
* Last day of trading was 31-Jan-2025,,,,,,,,,,,
,,,,,,,,,,,
* Impact Cost for Nifty 50 is for a portfolio of Rs. 50 Lakhs  ,,,,,,,,,,,
,,,,,,,,,,,
* Impact Cost for Nifty 50 is the weightage average impact cost,,,,,,,,,,,
