Annexure II-  Nifty 50 Index : October 2024,,,,,,,,,,,
,,,,,,,,,,,
Sr. No,Security Symbol,Security Name,Industry,Equity Capital (In Rs.),Index Market Capitalisation (Rs. Crores),Weightage (%),Beta,R2,Volatility (%),Monthly Return,Avg. Impact Cost (%)
1,ADANIENT,Adani Enterprises Ltd.,TRADING - MINERALS/ MINING,1140001121,69262.68,0.64,2.04,0.44,2.40,-6.01,0.02
2,ADANIPORTS,Adani Ports and Special Economic Zone Ltd.,PORT,4320277890,101284.54,0.93,2.10,0.49,1.94,-4.99,0.03
3,APOLLOHOSP,Apollo Hospitals Enterprise Ltd.,HOSPITAL,718923285,71003.96,0.65,0.55,0.12,1.20,-2.45,0.02
4,ASIANPAINT,Asian Paints Ltd.,PAINTS,959197790,132615.60,1.22,0.53,0.15,1.31,-11.82,0.02
5,AXISBANK,Axis Bank Ltd.,PRIVATE SECTOR BANK,6186123048,330027.67,3.04,1.13,0.38,1.91,-5.90,0.02
6,BAJAJ-AUTO,Bajaj Auto Ltd.,MOTOR CYCLES/SCOOTERS,2792576080,108964.43,1.00,0.62,0.09,3.13,-20.33,0.03
7,BAJFINANCE,Bajaj Finance Ltd.,NBFC,1237992640,192473.66,1.77,1.04,0.30,1.74,-10.56,0.02
8,BAJAJFINSV,Bajaj Finserv Ltd.,GENERAL INSURANCE,1596662097,95477.91,0.88,0.99,0.37,1.48,-11.28,0.03
9,BEL,Bharat Electronics Ltd.,DEFENSE,7309778829,101759.73,0.94,1.74,0.38,2.09,-0.07,0.02
10,BPCL,Bharat Petroleum Corporation Ltd.,REFINERIES/MARKETING,43385054880,60066.61,0.55,1.47,0.30,1.89,-16.00,0.02
11,BHARTIARTL,Bharti Airtel Ltd.,TELECOM - SERVICES,28465772430,431631.66,3.98,0.86,0.27,0.98,-5.67,0.02
12,BRITANNIA,Britannia Industries Ltd.,CONSUMER FOOD,240868296,67404.26,0.62,0.31,0.05,1.36,-9.64,0.02
13,CIPLA,Cipla Ltd.,PHARMACEUTICALS,1615119840,85152.14,0.78,0.27,0.02,2.56,-6.19,0.02
14,COALINDIA,Coal India Ltd.,INDUSTRIAL MINERALS,61627283270,102394.33,0.94,1.54,0.35,1.73,-11.39,0.03
15,DRREDDY,Dr. Reddy's Laboratories Ltd.,PHARMACEUTICALS,834349410,77588.57,0.71,0.41,0.08,1.08,-5.64,0.02
16,EICHERMOT,Eicher Motors Ltd.,MOTOR CYCLES/SCOOTERS,274060710,67228.11,0.62,0.90,0.23,1.71,-2.62,0.02
17,GRASIM,Grasim Industries Ltd.,CEMENT,1316958452,100163.29,0.92,0.96,0.32,1.20,-3.57,0.03
18,HCLTECH,HCL Technologies Ltd.,COMPUTERS - SOFTWARE,5427330192,186265.03,1.72,0.71,0.17,1.27,-1.67,0.02
19,HDFCBANK,HDFC Bank Ltd.,PRIVATE SECTOR BANK,7628644396,1314780.79,12.11,1.00,0.38,1.44,0.21,0.02
20,HDFCLIFE,HDFC Life Insurance Company Ltd.,LIFE INSURANCE,21522212070,76747.03,0.71,0.61,0.12,1.63,0.30,0.02
21,HEROMOTOCO,Hero MotoCorp Ltd.,MOTOR CYCLES/SCOOTERS,399960236,64584.20,0.60,0.59,0.09,1.52,-12.65,0.02
22,HINDALCO,Hindalco Industries Ltd.,ALUMINIUM,2247216523,99687.28,0.92,1.12,0.24,1.61,-9.28,0.02
23,HINDUNILVR,Hindustan Unilever Ltd.,DIVERSIFIED,2349591262,224803.20,2.07,0.25,0.03,1.42,-14.54,0.02
24,ICICIBANK,ICICI Bank Ltd.,PRIVATE SECTOR BANK,14091369608,909147.50,8.38,1.00,0.42,1.43,1.51,0.03
25,ITC,ITC Ltd.,CIGARETTES & RELATED PRODUCTS,12507598702,454053.33,4.18,0.63,0.20,1.19,-5.66,0.02
26,INDUSINDBK,IndusInd Bank Ltd.,PRIVATE SECTOR BANK,7789930880,69627.29,0.64,1.30,0.32,4.01,-27.08,0.02
27,INFY,Infosys Ltd.,COMPUTERS - SOFTWARE,20760673405,631558.67,5.82,0.73,0.18,1.59,-6.31,0.02
28,JSWSTEEL,JSW Steel Ltd.,STEEL,2445453966,92294.27,0.85,1.27,0.43,1.14,-6.45,0.03
29,KOTAKBANK,Kotak Mahindra Bank Ltd.,PRIVATE SECTOR BANK,9940600060,253833.97,2.34,0.86,0.25,1.63,-6.63,0.02
30,LT,Larsen & Toubro Ltd.,ENGINEERING-DESIGNING-CONSTRUCTION,2749989800,425824.64,3.92,1.42,0.47,2.03,-1.45,0.02
31,M&M,Mahindra & Mahindra Ltd.,PASSENGER/UTILITY VEHICLES,6217644155,242779.82,2.24,1.26,0.30,2.15,-11.84,0.02
32,MARUTI,Maruti Suzuki India Ltd.,PASSENGER/UTILITY VEHICLES,1572012870,145568.75,1.34,0.80,0.23,1.52,-16.33,0.02
33,NTPC,NTPC Ltd.,POWER,96966661340,193009.63,1.78,1.57,0.45,1.46,-7.91,0.03
34,NESTLEIND,Nestle India Ltd.,CONSUMER FOOD,964157160,80953.88,0.75,0.35,0.06,1.15,-15.87,0.03
35,ONGC,Oil & Natural Gas Corporation Ltd.,OIL EXPLORATION,62901396030,103107.42,0.95,1.74,0.40,1.29,-10.57,0.02
36,POWERGRID,Power Grid Corporation of India Ltd.,POWER - TRANSMISSION,93006038190,145127.23,1.34,1.31,0.34,1.19,-9.08,0.03
37,RELIANCE,Reliance Industries Ltd.,REFINERIES/MARKETING,1.35316E+11,902131.09,8.31,1.17,0.54,1.22,-9.79,0.02
38,SBILIFE,SBI Life Insurance Company Ltd.,LIFE INSURANCE,10019239540,72455.07,0.67,0.78,0.19,1.58,-12.03,0.04
39,SHRIRAMFIN,Shriram Finance Ltd.,NBFC,3759892640,87604.17,0.81,1.61,0.40,2.32,-12.25,0.03
40,SBIN,State Bank of India,PUBLIC SECTOR BANK,8924612434,315120.19,2.90,1.47,0.47,1.70,4.10,0.02
41,SUNPHARMA,Sun Pharmaceutical Industries Ltd.,PHARMACEUTICALS,2399334970,199313.12,1.84,0.44,0.10,1.07,-4.04,0.02
42,TCS,Tata Consultancy Services Ltd.,COMPUTERS - SOFTWARE,3618087518,405044.81,3.73,0.58,0.15,0.93,-7.03,0.02
43,TATACONSUM,Tata Consumer Products Ltd.,TEA &  COFFEE,989403547,65123.65,0.60,0.58,0.11,2.04,-16.24,0.02
44,TATAMOTORS,Tata Motors Ltd.,PASSENGER/UTILITY VEHICLES,7361768240,176780.66,1.63,1.09,0.26,1.58,-14.43,0.02
45,TATASTEEL,Tata Steel Ltd.,STEEL,12483527171,122941.46,1.13,1.49,0.46,1.33,-11.86,0.02
46,TECHM,Tech Mahindra Ltd.,COMPUTERS - SOFTWARE,4891061850,101936.16,0.94,0.83,0.19,1.76,1.99,0.03
47,TITAN,Titan Company Ltd.,"GEMS, JEWELLERY AND WATCHES",887786160,134990.04,1.24,0.69,0.17,1.14,-14.56,0.02
48,TRENT,Trent Ltd.,SPECIALITY RETAIL,355487461,158143.55,1.46,0.91,0.11,2.37,-5.89,0.02
49,ULTRACEMCO,UltraTech Cement Ltd.,CEMENT,2886973180,126124.05,1.16,1.12,0.44,1.28,-6.24,0.02
50,WIPRO,Wipro Ltd.,COMPUTERS - SOFTWARE,10462585398,77908.05,0.72,1.06,0.25,1.76,1.91,0.02
,,,,,10853869.13,,,,,,0.02
,,,,,,,,,,,
* Beta & R2 are calculated for the period 01-Nov-2023 to 31-Oct-2024,,,,,,,,,,,
,,,,,,,,,,,
* Beta measures the  degree to which any portfolio of stocks is affected as compared to the effect,,,,,,,,,,,
  on the market as a whole.,,,,,,,,,,,
,,,,,,,,,,,
* The coefficient of determination (R2) measures the strength of relationship between two variables,,,,,,,,,,,
   the return on  a security versus that of the market.,,,,,,,,,,,
,,,,,,,,,,,
* Volatility is the Std. deviation of the daily returns for the period 01-Oct-2024 to 31-Oct-2024,,,,,,,,,,,
,,,,,,,,,,,
* Last day of trading was 31-Oct-2024,,,,,,,,,,,
,,,,,,,,,,,
* Impact Cost for Nifty 50 is for a portfolio of Rs. 50 Lakhs  ,,,,,,,,,,,
,,,,,,,,,,,
* Impact Cost for Nifty 50 is the weightage average impact cost,,,,,,,,,,,
