Annexure II-  Nifty 50 Index : April 2025,,,,,,,,,,,
,,,,,,,,,,,
Sr. No,Security Symbol,Security Name,Industry,Equity Capital (In Rs.),Index Market Capitalisation (Rs. Crores),Weightage (%),Beta,R2,Volatility (%),Monthly Return,Avg. Impact Cost (%)
1,ADANIENT,Adani Enterprises Ltd.,TRADING - MINERALS/ MINING,1154180729,59777.22,0.54,1.89,0.37,2.39,-0.63,0.02
2,ADANIPORTS,Adani Ports and Special Economic Zone Ltd.,PORT,4320277890,89529.72,0.82,1.99,0.53,2.11,2.84,0.03
3,APOLLOHOSP,Apollo Hospitals Enterprise Ltd.,HOSPITAL,718923285,70295.82,0.64,0.53,0.14,1.14,5.45,0.01
4,ASIANPAINT,Asian Paints Ltd.,PAINTS,959197790,109425,1,0.53,0.13,1,3.63,0.02
5,AXISBANK,Axis Bank Ltd.,PRIVATE SECTOR BANK,6193408822,337699.23,3.08,1.1,0.44,2.17,7.53,0.02
6,BAJAJ-AUTO,Bajaj Auto Ltd.,MOTOR CYCLES/SCOOTERS,2792576080,88811.78,0.81,0.92,0.24,2.04,1.92,0.03
7,BAJFINANCE,Bajaj Finance Ltd.,NBFC,1239757304,225182.14,2.05,1.06,0.37,1.78,-3.48,0.01
8,BAJAJFINSV,Bajaj Finserv Ltd.,GENERAL INSURANCE,1596662097,105888.53,0.96,1.11,0.41,2.19,-2.78,0.03
9,BEL,Bharat Electronics Ltd.,DEFENSE,7309778829,112189.06,1.02,1.8,0.46,2.11,4.24,0.02
10,BHARTIARTL,Bharti Airtel Ltd.,TELECOM - SERVICES,28510526595,498842.02,4.54,0.98,0.38,1.74,7.56,0.02
11,CIPLA,Cipla Ltd.,PHARMACEUTICALS,1615229882,86967.5,0.79,0.57,0.12,2.04,7.48,0.02
12,COALINDIA,Coal India Ltd.,INDUSTRIAL MINERALS,61627283270,87277.81,0.8,1.3,0.41,1.66,-3.24,0.03
13,DRREDDY,Dr. Reddy's Laboratories Ltd.,PHARMACEUTICALS,834455365,72022.91,0.66,0.54,0.15,1.73,3.47,0.02
14,EICHERMOT,Eicher Motors Ltd.,MOTOR CYCLES/SCOOTERS,274164080,76300.14,0.7,0.99,0.32,1.75,4.1,0.01
15,ETERNAL,Eternal Ltd.,E-RETAIL/ E-COMMERCE,9650350647,161102.79,1.47,0.92,0.11,1.98,15.28,0.03
16,GRASIM,Grasim Industries Ltd.,CEMENT,1360876778,104788.43,0.95,0.99,0.39,1.85,4.84,0.02
17,HCLTECH,HCL Technologies Ltd.,COMPUTERS - SOFTWARE,5427330192,165813.16,1.51,0.79,0.22,2.56,-1.57,0.03
18,HDFCBANK,HDFC Bank Ltd.,PRIVATE SECTOR BANK,7651920290,1460440.32,13.3,0.9,0.42,1.45,5.29,0.01
19,HDFCLIFE,HDFC Life Insurance Company Ltd.,LIFE INSURANCE,21528932870,79403.21,0.72,0.73,0.2,1.58,8.46,0.02
20,HEROMOTOCO,Hero MotoCorp Ltd.,MOTOR CYCLES/SCOOTERS,400021672,49548.45,0.45,0.72,0.18,1.95,2.81,0.02
21,HINDALCO,Hindalco Industries Ltd.,ALUMINIUM,2247226523,90193.16,0.82,1.25,0.34,2.98,-8.47,0.02
22,HINDUNILVR,Hindustan Unilever Ltd.,DIVERSIFIED,2349591262,207298.82,1.89,0.23,0.03,1.33,3.69,0.02
23,ICICIBANK,ICICI Bank Ltd.,PRIVATE SECTOR BANK,14131839426,1004498.37,9.15,0.96,0.5,1.46,5.83,0.02
24,ITC,ITC Ltd.,CIGARETTES & RELATED PRODUCTS,12514119782,395287.69,3.6,0.59,0.23,0.89,3.92,0.02
25,INDUSINDBK,IndusInd Bank Ltd.,PRIVATE SECTOR BANK,7790544720,55062.89,0.5,0.63,0.21,2.86,29.01,0.03
26,INFY,Infosys Ltd.,COMPUTERS - SOFTWARE,20763668865,538553.49,4.91,0.79,0.23,1.95,-4.49,0.02
27,JSWSTEEL,JSW Steel Ltd.,STEEL,2445453966,97439.67,0.89,1.25,0.48,2.56,-3.14,0.03
28,JIOFIN,Jio Financial Services Ltd.,NBFC,63531416230,85072.63,0.77,1.41,0.41,2.39,14.47,0.03
29,KOTAKBANK,Kotak Mahindra Bank Ltd.,PRIVATE SECTOR BANK,9941114965,323795.33,2.95,0.92,0.34,1.65,1.7,0.01
30,LT,Larsen & Toubro Ltd.,ENGINEERING-DESIGNING-CONSTRUCTION,2750350030,391145.65,3.56,1.44,0.53,2.41,-4.33,0.02
31,M&M,Mahindra & Mahindra Ltd.,PASSENGER/UTILITY VEHICLES,6217644155,258829.74,2.36,1.3,0.36,1.82,9.87,0.01
32,MARUTI,Maruti Suzuki India Ltd.,PASSENGER/UTILITY VEHICLES,1572012870,160430.57,1.46,0.79,0.28,1.38,6.38,0.02
33,NTPC,NTPC Ltd.,POWER,96966661340,167661.06,1.53,1.43,0.45,1.34,-0.85,0.03
34,NESTLEIND,Nestle India Ltd.,CONSUMER FOOD,964157160,85397.91,0.78,0.36,0.09,1,6.11,0.03
35,ONGC,Oil & Natural Gas Corporation Ltd.,OIL EXPLORATION,62901396030,94691.23,0.86,1.64,0.45,2.63,-0.78,0.02
36,POWERGRID,Power Grid Corporation of India Ltd.,POWER - TRANSMISSION,93006038190,138966.84,1.27,1.25,0.38,1.93,5.89,0.03
37,RELIANCE,Reliance Industries Ltd.,REFINERIES/MARKETING,1.35E+11,949354.41,8.65,1.19,0.58,1.96,10.19,0.02
38,SBILIFE,SBI Life Insurance Company Ltd.,LIFE INSURANCE,10021169710,78926.18,0.72,0.78,0.22,1.99,14.08,0.03
39,SHRIRAMFIN,Shriram Finance Ltd.,NBFC,3760767760,85382.44,0.78,1.64,0.42,3.02,-6.75,0.03
40,SBIN,State Bank of India,PUBLIC SECTOR BANK,8924620034,302172.66,2.75,1.37,0.52,1.94,2.22,0.02
41,SUNPHARMA,Sun Pharmaceutical Industries Ltd.,PHARMACEUTICALS,2399334970,197014.53,1.79,0.62,0.2,1.96,5.63,0.02
42,TCS,Tata Consultancy Services Ltd.,COMPUTERS - SOFTWARE,3618087518,351776.45,3.2,0.62,0.19,1.48,-4.23,0.02
43,TATACONSUM,Tata Consumer Products Ltd.,TEA &  COFFEE,989494148,75710.4,0.69,0.63,0.14,1.91,16.36,0.02
44,TATAMOTORS,Tata Motors Ltd.,PASSENGER/UTILITY VEHICLES,7362378430,134082.79,1.22,1.26,0.33,2.79,-4.48,0.02
45,TATASTEEL,Tata Steel Ltd.,STEEL,12483527171,115518.8,1.05,1.43,0.49,3.13,-9.18,0.02
46,TECHM,Tech Mahindra Ltd.,COMPUTERS - SOFTWARE,4894968560,95074.38,0.87,0.89,0.24,2.35,5.98,0.03
47,TITAN,Titan Company Ltd.,"GEMS, JEWELLERY AND WATCHES",887786160,139013.59,1.27,0.76,0.22,1.36,10.33,0.02
48,TRENT,Trent Ltd.,SPECIALITY RETAIL,355487461,114639.45,1.04,1.25,0.21,4.14,-2.87,0.02
49,ULTRACEMCO,UltraTech Cement Ltd.,CEMENT,2946774100,135066.88,1.23,1.06,0.39,1.45,1.14,0.02
50,WIPRO,Wipro Ltd.,COMPUTERS - SOFTWARE,20943711336,68409.19,0.62,0.98,0.24,2.18,-7.91,0.03
,,,,,10977772.44,,,,,,0.02
,,,,,,,,,,,
* Beta & R2 are calculated for the period 30-Apr-2024 to 30-Apr-2025,,,,,,,,,,,
,,,,,,,,,,,
* Beta measures the  degree to which any portfolio of stocks is affected as compared to the effect,,,,,,,,,,,
  on the market as a whole.,,,,,,,,,,,
,,,,,,,,,,,
* The coefficient of determination (R2) measures the strength of relationship between two variables,,,,,,,,,,,
   the return on  a security versus that of the market.,,,,,,,,,,,
,,,,,,,,,,,
* Volatility is the Std. deviation of the daily returns for the period 01-Apr-2025 to 30-Apr-2025,,,,,,,,,,,
,,,,,,,,,,,
* Last day of trading was 30-Apr-2025,,,,,,,,,,,
,,,,,,,,,,,
* Impact Cost for Nifty 50 is for a portfolio of Rs. 50 Lakhs  ,,,,,,,,,,,
,,,,,,,,,,,
* Impact Cost for Nifty 50 is the weightage average impact cost,,,,,,,,,,,
